item_id,question,answer_1,answer_2,more_factually_correct(1/2/tie),answer_1_has_factual_error(y/n),answer_2_has_factual_error(y/n),rater_initials,notes
Q001,How does the optimism bias affect decision making?,"The optimism bias, also known as the ""rosy scenario"" or ""unrealistic optimism,"" refers to the tendency for individuals to overestimate the likelihood of positive outcomes and underestimate the likelihood of negative outcomes when making decisions. This bias can significantly impact decision-making, as it can lead people to take on more risk than they would otherwise, or to ignore potential downsides of a particular choice.

The optimism bias is thought to be driven by a combination of factors, including:

1. **Cognitive biases**: Our brains have a natural tendency to focus on the positive aspects of a situation, while downplaying or ignoring negative ones. This can lead to an overly optimistic assessment of a situation.
2. **Emotional factors**: Emotions such as excitement, enthusiasm, or hope can cloud our judgment, making us more likely to overlook potential risks or downsides.
3. **Social influences**: The desire to fit in with others or avoid social disapproval can also contribute to the optimism bias, as people may be more likely to take on risk or ignore potential downsides to appear more confident or optimistic.

The optimism bias can manifest in various decision-making contexts, such as:

* **Investment decisions**: Investors may overestimate the likelihood of a stock or investment performing well, leading them to take on more risk than they would otherwise.
* **Career choices**: Individuals may underestimate the challenges or difficulties associated with a particular career path, leading them to pursue a career that may not be the best fit.
* **Relationship decisions**: People may overestimate the likelihood of a romantic relationship or partnership succeeding, leading them to ignore potential red flags or warning signs.

To mitigate the optimism bias, it is essential to:

1. **Seek diverse perspectives**: Consider the views of others, including those who may have a more pessimistic outlook.
2. **Conduct thorough research**: Gather information and data on the potential risks and downsides of a decision.
3. **Develop a contingency plan**: Identify potential pitfalls and develop a plan to address them if they arise.
4. **Practice self-reflection**: Recognize your own emotional biases and try to separate them from the decision-making process.

By acknowledging and addressing the optimism bias, individuals can make more informed, well-rounded decisions that take into account the potential risks and downsides of a particular choice.","The optimism bias, also known as the rosy view syndrome, is a psychological phenomenon where individuals tend to overestimate the likelihood of positive events occurring and underestimate the likelihood of negative events. This bias can significantly influence decision-making processes, often leading to suboptimal outcomes.

In decision-making, the optimism bias can lead individuals to underestimate risks and overestimate their ability to control or manage those risks. For example, a person planning to start a business might underestimate the challenges they will face, such as market competition, financial constraints, or operational difficulties. As a result, they might allocate insufficient resources, leading to the business's eventual failure.

The optimism bias can also lead to unrealistic expectations, causing individuals to make decisions that are overly optimistic and not grounded in reality. For instance, a homebuyer might overestimate the potential appreciation of a property, leading them to overpay for a home. This could result in financial hardship if the property's value doesn't increase as expected.

On the other hand, the optimism bias can sometimes be beneficial. It can boost motivation and resilience, helping individuals to persevere in the face of adversity. For example, an entrepreneur might maintain optimism during challenging times, which can help them to weather difficult periods and ultimately succeed.

To mitigate the negative effects of the optimism bias, it's essential to encourage individuals to engage in more realistic and objective decision-making. This can be achieved through various means, such as:

1. Encouraging self-reflection: Individuals should be encouraged to consider potential obstacles and challenges, and to develop contingency plans.
2. Seeking diverse perspectives: Gathering feedback from various sources can help to counteract the optimism bias by introducing different viewpoints and perspectives.
3. Promoting evidence-based decision-making: Encouraging individuals to base decisions on facts and data, rather than on optimistic assumptions, can help to reduce the impact of the optimism bias.

In conclusion, the optimism bias can have both positive and negative effects on decision-making. While it can boost motivation and resilience, it can also lead to unrealistic expectations and suboptimal outcomes. To mitigate its negative effects, individuals should engage in more realistic and objective decision-making, and encourage self-reflection, seeking diverse perspectives, and promoting evidence-based decision-making.",,,,,
Q002,How does address space layout randomization (ASLR) work?,"Address Space Layout Randomization (ASLR) is a security mechanism employed by modern operating systems to mitigate exploits, particularly buffer overflow attacks. By randomizing the location of data segments in memory, ASLR makes it more difficult for attackers to predict the exact address of critical system information, such as libraries, stack, and heap locations. This unpredictability hinders the successful execution of an exploit, as the attacker's carefully crafted code may not align with the actual memory locations.

The implementation of ASLR varies across different operating systems. For instance, in Linux, the randomization is applied to the base address of the stack, heap, and shared libraries. In Windows, ASLR randomizes the base addresses of the heap, stack, and image load address, as well as the DLL (Dynamic Link Library) load addresses.

Practical example:
Suppose an attacker attempts a buffer overflow attack on a program running on a system with ASLR enabled. Instead of the attacker's payload overwriting the intended location, the randomization causes the payload to overwrite a different, seemingly harmless location. If the system has additional security mechanisms like Data Execution Prevention (DEP) or Address Space Control (ASC), the program crashes before the attacker's code can be executed.

ASLR is a crucial defense-in-depth strategy in the battle against software exploitation. When combined with other security measures such as DEP and ASC, it significantly increases the complexity and effort required for a successful attack, making systems more secure overall.","Address Space Layout Randomization (ASLR) is a security feature used to mitigate memory-based attacks by making it difficult for attackers to predict the memory addresses of a program's components. ASLR works by randomly placing the base address of a program's data segments, such as libraries and executables, each time the program is run.

Here's a step-by-step explanation of how ASLR works:

1. **Base Address Randomization**: When a program is loaded into memory, the operating system (OS) assigns a base address to the program's data segments, such as libraries and executables. In a non-ASLR system, the base address is always the same for a given program. In an ASLR-enabled system, the OS randomizes the base address, making it different each time the program is run.
2. **Segment Randomization**: The OS also randomizes the location of the program's segments within the base address. For example, if the base address is 0x1000000, the program's code segment might be placed at 0x1000000, the data segment at 0x1002000, and the stack segment at 0x1003000.
3. **Randomization of Segment Sizes**: The OS also randomizes the size of each segment. This ensures that the attacker cannot predict the memory addresses of the program's components.
4. **Relocation**: When a program makes a system call or interacts with other components, the OS performs a relocation to ensure that the program's components are properly addressed. This relocation is done based on the randomized segment locations and sizes.

Examples of ASLR in action include:

* In Windows, ASLR is enabled by default and uses a combination of hardware and software randomization to randomize the base address and segment locations.
* In Linux, ASLR is also enabled by default and uses a combination of hardware and software randomization to randomize the base address and segment locations.
* In iOS and macOS, ASLR is enabled by default and uses a combination of hardware and software randomization to randomize the base address and segment locations.

In summary, ASLR works by randomizing the base address and segment locations of a program's data segments each time the program is run. This makes it difficult for attackers to predict the memory addresses of a program's components, thus mitigating memory-based attacks.",,,,,
Q003,Explain the technical mechanics of Process context switching overhead in Linux in detail.,"I'd be happy to explain the technical mechanics of process context switching overhead in Linux in detail.

**What is Process Context Switching?**

In Linux, process context switching is the process of switching the CPU's context from one process to another. This involves saving the current state of the CPU, including the program counter, registers, and memory maps, and restoring the state of the new process. The goal of context switching is to allow multiple processes to share the same CPU and system resources efficiently.

**Technical Mechanics of Context Switching**

The technical mechanics of process context switching in Linux involve the following steps:

1. **Save Current Context**: The current process's context is saved, including:
	* Program Counter (PC): The current instruction pointer.
	* Registers: The contents of the CPU's registers, including the stack pointer.
	* Memory Maps: The current memory maps, including page tables and memory regions.
2. **Update CPU State**: The CPU's state is updated to reflect the new process:
	* PC: The new process's program counter is loaded.
	* Registers: The new process's registers are loaded.
3. **Update Page Tables**: The page tables are updated to reflect the new process's memory maps:
	* The old process's page tables are saved.
	* The new process's page tables are loaded.
4. **Update Memory Regions**: The memory regions are updated to reflect the new process's memory usage:
	* The old process's memory regions are saved.
	* The new process's memory regions are loaded.
5. **Restore CPU State**: The CPU's state is restored to the new process:
	* PC: The new process's program counter is loaded.
	* Registers: The new process's registers are loaded.
6. **Resume Execution**: The new process is resumed, and execution continues from the restored program counter.

**Overhead of Context Switching**

The overhead of context switching in Linux includes:

1. **CPU Cycles**: The process of saving and restoring the CPU's context requires a significant number of CPU cycles, which can slow down system performance.
2. **Cache Misses**: The updated page tables and memory regions can cause cache misses, which can further slow down system performance.
3. **System Calls**: Context switching can involve system calls, which can add to the overall overhead.

**Efficient Context Switching**

To minimize the overhead of context switching, Linux employs various optimization techniques, including:

1. **Fast Context Switching**: Linux provides a fast context switching mechanism that reduces the overhead of context switching.
2. **Cache Optimization**: Linux optimizes cache usage to minimize cache misses during context switching.
3. **Thread-Level Parallelism**: Linux takes advantage of thread-level parallelism to improve system performance during context switching.

In conclusion, process context switching in Linux involves a series of technical steps that require significant CPU cycles, cache misses, and system calls. To minimize the overhead, Linux employs various optimization","Process context switching is a critical aspect of the Linux kernel's multitasking ability, allowing it to manage multiple tasks (processes) concurrently. During context switching, the CPU switches from executing one process to another, saving and restoring the necessary state information for each process.

When a process is running, its state is stored in the Process Control Block (PCB), which includes the program counter (PC), registers, stack pointers, and other essential data. During context switching, the current process's state is saved in the PCB, and the state of the next process is loaded from its PCB.

The overhead of process context switching in Linux mainly arises from three factors:

1. Saving and restoring the process state: This involves copying the content of the current process's CPU registers, PC, and other context information into the PCB. The new process's state is then loaded from its PCB.

2. Changing the page tables: Context switching necessitates modifying the page tables to reflect the new process's memory layout. This is crucial for the CPU to access the correct memory pages.

3. TLB (Translation Lookaside Buffer) misses: The TLB is a hardware cache used to speed up virtual-to-physical address translation. When a process is switched, the TLB needs to be flushed and refilled with the new process's entries, causing a performance hit due to increased memory accesses.

To minimize context switching overhead, the Linux kernel uses techniques such as copy-on-write (CoW), which delays the copying of data between processes until it is actually required, and kernel thread scheduling, which allows the kernel to manage tasks efficiently by managing the scheduling of multiple threads within a single process.

Practical example: Consider a Linux system with 10 concurrent processes. Each process takes 100ms to complete its execution. Without context switching, the system would take 1000ms to finish all tasks. With context switching, there's an overhead, but the system can still process multiple tasks concurrently, improving responsiveness and efficiency.

Context switching overhead can be measured using tools like the ""times"" command, which provides statistics about the system's CPU usage, including the time spent in user mode, system mode, and idle time. By analyzing these statistics, system administrators can identify potential performance bottlenecks related to process context switching.",,,,,
Q004,How does feminism challenge traditional ethical frameworks?,"Feminism challenges traditional ethical frameworks in several ways, leading to a more inclusive, equitable, and just society. Here are some key areas of challenge:

1. **Universalizing the human experience**: Traditional ethical frameworks often assume a universal human experience, neglecting the diverse experiences of women and other marginalized groups. Feminism emphasizes the importance of recognizing and valuing these diverse experiences, which are often shaped by power dynamics, social norms, and historical contexts.

Example: Consider the concept of ""human rights."" Feminists argue that these rights are often based on a male-dominated understanding of what constitutes a ""human"" experience. Feminist ethics, on the other hand, emphasize the need to include reproductive rights, sexual autonomy, and other issues specific to women's lives.

2. **Questioning the objectivity of moral principles**: Feminism challenges the idea that moral principles are objective and universally applicable. Instead, feminists argue that moral principles are often shaped by cultural, social, and historical contexts, which can be biased against certain groups, such as women.

Example: Consider the concept of ""morally just war."" Feminists argue that traditional just war theory has been used to justify wars that disproportionately affect women and civilians. Feminist ethics, on the other hand, emphasize the need to consider the specific impacts of war on women and to prioritize non-violent conflict resolution.

3. **Emphasizing care ethics and relationality**: Feminism highlights the importance of care ethics and relationality in moral decision-making. This approach emphasizes the value of empathy, compassion, and interconnectedness in ethical deliberation.

Example: Consider the concept of ""distributive justice."" Feminist care ethics emphasize the need to prioritize the well-being of all individuals, rather than solely focusing on economic or political justice. This approach recognizes that justice is not solely a matter of fairness or rights, but also involves a deep understanding of the relationships and dependencies between individuals and communities.

4. **Challenging the dominance of reason and logic**: Feminism challenges the dominance of reason and logic in traditional ethical frameworks, arguing that these approaches often prioritize male-defined values and norms. Feminist ethics, on the other hand, emphasize the importance of emotions, intuition, and subjective experience in moral decision-making.

Example: Consider the concept of ""emotional labor."" Feminists argue that women are often socialized to suppress their emotions and prioritize others' needs, leading to emotional exhaustion and burnout. Feminist ethics, on the other hand, recognize the importance of emotional intelligence and authenticity in moral decision-making.

In summary, feminism challenges traditional ethical frameworks by emphasizing the importance of recognizing diverse experiences, questioning the objectivity of moral principles, emphasizing care ethics and relationality, and challenging the dominance of reason and logic. By doing so, feminist ethics provide a more inclusive, equitable, and just foundation for moral decision-making.","Feminism, as a movement advocating for gender equality, has significantly challenged traditional ethical frameworks, particularly those rooted in patriarchal societies. Here are some key areas where this challenge is evident:

1. Gender Roles and Stereotypes: Traditional ethical frameworks often reinforce gender roles and stereotypes, which can limit individual freedom and opportunities. For instance, the expectation that women should be primarily responsible for domestic work and childcare can limit their access to education, employment, and political power. Feminism challenges these stereotypes by advocating for equal opportunities and rights for all genders.

2. Justice and Equality: Traditional ethical frameworks, such as utilitarianism, often prioritize the greatest good for the greatest number, but they can overlook the experiences and needs of marginalized groups, including women. Feminism brings a gender lens to ethics, emphasizing the importance of understanding and addressing gender-based inequalities to achieve true justice and equality.

3. Consent and Bodily Autonomy: Traditional ethical frameworks often fail to adequately address issues related to consent and bodily autonomy, particularly for women. Feminism advocates for the recognition of these rights, emphasizing the importance of informed consent in sexual encounters and reproductive health decisions.

4. Intersectionality: Kimberlé Crenshaw, a legal scholar and feminist, introduced the concept of intersectionality to highlight how multiple forms of discrimination (such as racism and sexism) can intersect and compound each other's effects. This challenges traditional ethical frameworks that may treat issues of gender and race as separate, rather than interconnected.

In practical terms, these challenges are manifested in movements such as the Women's March, the #MeToo movement, and the push for gender equality in education, employment, and political representation. These movements highlight the importance of reevaluating and revising traditional ethical frameworks to ensure they are inclusive, just, and equitable for all genders.

Unique insights include the recognition that challenging traditional ethical frameworks is not just about changing individual behaviors, but also about transforming systems and structures that perpetuate inequality. This requires a collective effort, including policy changes, education, and cultural shift.",,,,,
Q005,What is the argument from marginal cases in animal ethics?,"The argument from marginal cases, also known as the ""marginal case"" or ""marginal instance"" argument, is a thought-provoking concept in animal ethics that challenges the dominant views on animal welfare and ethics. It is a philosophical approach that questions the moral status of animals by highlighting the difficulties in making moral judgments about certain cases, where the distinction between humans and animals becomes increasingly blurred.

The argument from marginal cases posits that if we are unwilling to extend equal moral consideration to animals in these marginal cases, we are inconsistent and unjust in our moral treatment of all animals. Marginal cases refer to scenarios where animals exhibit human-like cognitive, emotional, or behavioral traits, making it difficult to justify their treatment as mere ""things"" or ""objects.""

For instance, consider the case of a chimpanzee named Nim Chimpsky, who was taught human sign language and exhibited complex cognitive abilities, such as understanding context and using language to communicate. If we acknowledge Nim's intelligence and cognitive abilities, do we not owe him a similar moral status as a human? Or what about the case of Alex, an African Grey parrot, who demonstrated an impressive vocabulary and understanding of concepts, similar to a human child?

The argument from marginal cases emphasizes the need to reevaluate our moral attitudes towards animals and acknowledge their capacity for complex behaviors, emotions, and consciousness. It encourages us to consider a more nuanced and empathetic approach to animal welfare, recognizing that even marginal cases can challenge our moral intuitions and prompt us to revise our moral frameworks.

In conclusion, the argument from marginal cases in animal ethics is a powerful tool for moral inquiry, highlighting the complexities and nuances of animal cognition, emotion, and behavior. By examining these marginal cases, we can gain a deeper understanding of animal moral status and the need for more compassionate and just treatment of all animals, regardless of their species or cognitive abilities.","The argument from marginal cases is a philosophical argument used in animal ethics, particularly within the context of speciesism, which is the assumption that the interests of members of one's own species count for more than the interests of members of other species. This argument challenges this assumption by presenting instances, or marginal cases, where the moral status of certain animals seems less clear, thereby questioning the validity of speciesism.

A classic example of a marginal case is the case of Himmelfarb's hen. Himmelfarb argued that if a human being raised in isolation and without language from birth could be considered a person with full moral rights, then a hen raised in a similar manner, given that she is capable of experiencing pleasure and pain, should also be considered a subject of moral concern. This argument suggests that if we grant moral consideration to a human under such conditions, then we should also grant it to certain animals that share similar cognitive and emotional capacities.

The argument from marginal cases is significant because it emphasizes the importance of considering the individual capacities and experiences of animals rather than relying solely on species membership in determining their moral status. It challenges the notion that humans have an inherent superiority over animals and encourages a more nuanced and inclusive approach to animal ethics. This argument has been influential in promoting the rights and welfare of non-human animals and has contributed to the development of various ethical theories, such as animal rights theory and the concept of animal personhood.

In conclusion, the argument from marginal cases is a powerful tool in animal ethics that challenges speciesism and encourages a more inclusive and reasoned approach to the moral status of animals. It highlights the importance of individual capacities and experiences in determining moral status and emphasizes the need to consider the interests of non-human animals in our ethical deliberations.",,,,,
Q006,How does Gödel’s incompleteness theorem impact our understanding of formal systems beyond mathematics?,"Gödel's incompleteness theorem, a groundbreaking discovery in the field of mathematical logic, has far-reaching implications that transcend mathematics, influencing our understanding of formal systems across various disciplines. The theorem, formulated by Kurt Gödel in 1931, demonstrates that any formal system powerful enough to describe basic arithmetic is either incomplete or inconsistent.

Impact on Formal Systems:

1. **Limitations of Formal Systems**: Gödel's incompleteness theorem highlights the inherent limitations of formal systems, including programming languages, artificial intelligence, and computer science. It shows that no formal system can be both complete (able to prove or disprove every statement within its domain) and consistent (free from contradictions). This realization has significant implications for the design and development of formal systems, emphasizing the need for careful consideration of trade-offs between completeness and consistency.
2. **Foundational Implications**: The theorem's implications extend beyond mathematics to the foundations of knowledge and inquiry. Gödel's incompleteness theorem challenges the idea of a single, all-encompassing formal system that can capture the entirety of human knowledge. This realization has led to a greater emphasis on the importance of multiple, interconnected formal systems, as well as the recognition of the inherent limitations of any single system.
3. **Philosophical and Epistemological Consequences**: The theorem's impact on philosophy and epistemology is profound. Gödel's incompleteness theorem underscores the notion that formal systems are inherently incomplete and that our understanding of the world is always subject to revision. This realization has significant implications for our understanding of truth, knowledge, and the nature of reality.
4. **Computational Complexity Theory**: The theorem's implications also extend to computational complexity theory. Gödel's incompleteness theorem shows that there cannot exist a polynomial-time algorithm that can determine whether a given formula is provable within a formal system. This result has significant implications for the study of computational complexity and the design of efficient algorithms.

In conclusion, Gödel's incompleteness theorem has far-reaching implications that extend beyond mathematics, influencing our understanding of formal systems in various disciplines. The theorem's limitations and inconsistencies challenge the idea of a single, all-encompassing formal system and emphasize the importance of careful consideration of trade-offs between completeness and consistency. Its foundational, philosophical, and epistemological implications continue to shape our understanding of knowledge, truth, and the nature of reality.","Gödel's Incompleteness Theorems, proposed by Kurt Gödel in 1931, fundamentally challenge our understanding of formal systems, particularly in mathematics but also beyond. The theorems state that within any consistent, axiomatizable mathematical system that is powerful enough to include elementary arithmetic, there are statements that cannot be proven or disproven within the system itself.

This concept has far-reaching implications beyond mathematics. For instance, it challenges the idea that all truths can be expressed and proven within a formal system, suggesting that there are limitations to what we can formally verify or refute.

In the realm of computer science and artificial intelligence, Gödel's theorems imply that any sufficiently powerful system, such as a Turing-complete programming language or an AI system, might also be incomplete. This means there could be statements or behaviors that these systems can't definitively prove or disprove, even if they are given infinite computational resources.

For example, consider a self-improving AI. We might wonder if such an AI could prove its own ability to self-improve within its own formal system. However, due to Gödel's theorems, there may exist statements about its self-improvement capabilities that the AI itself cannot prove or disprove.

Moreover, Gödel's theorems highlight the importance of incompleteness as a fundamental aspect of formal systems and inspire ongoing research into the limits of computational systems and the nature of mathematical truth. They serve as a reminder that even our most powerful systems may have inherent limitations, prompting us to question the boundaries of what can be known and proven.",,,,,
Q007,Walk through a step-by-step breakdown of how Snowflake separation of storage and compute handles errors or failure modes.,"Snowflake's architecture, which separates storage and compute, provides a robust and fault-tolerant system for handling errors and failure modes. Here's a step-by-step breakdown of how Snowflake handles errors:

1. **Error detection**: Snowflake's compute layer is designed to detect errors as soon as possible, ideally at the earliest possible stage of query execution. This is achieved through various mechanisms, such as:
	* Query validation: Snowflake's query parser checks the query syntax and semantics before executing the query.
	* Runtime error detection: Snowflake's runtime environment monitors the query execution and detects errors or anomalies.
2. **Error isolation**: When an error occurs, Snowflake's architecture isolates the affected compute node or query to prevent cascading failures. This ensures that the error is contained and does not propagate to other queries or nodes.
3. **Error correction**: Snowflake's compute layer attempts to correct the error by retrying the query or rewriting the query to avoid the error. This is done through various mechanisms, such as:
	* Query rewriting: Snowflake's query rewrite engine rewrites the query to avoid the error-prone part.
	* Query retry: Snowflake's compute layer retries the query to see if the error is transient.
4. **Error reporting**: Snowflake's architecture provides detailed error reporting, including:
	* Error codes and messages: Snowflake provides clear error codes and messages to help diagnose the issue.
	* Error logs: Snowflake logs the error and its corresponding query, allowing for easier debugging and troubleshooting.
5. **Error recovery**: Snowflake's architecture includes mechanisms for recovering from errors, such as:
	* Automatic query retry: Snowflake's compute layer automatically retries the query to see if the error is transient.
	* Query cancellation: Snowflake's compute layer can cancel the query if it determines that the query is not recoverable.
6. **Error prevention**: Snowflake's architecture includes mechanisms for preventing errors, such as:
	* Data type validation: Snowflake's query parser validates the data types of columns and tables to prevent errors.
	* Query optimization: Snowflake's query optimizer optimizes queries to reduce the likelihood of errors.

By separating storage and compute, Snowflake's architecture provides a robust and fault-tolerant system for handling errors and failure modes. This enables Snowflake to provide high availability, reliability, and performance, even in the presence of errors or failures.","Snowflake, a cloud-based data warehousing platform, separates storage and compute to offer scalability, performance, and cost efficiency. This separation also plays a crucial role in managing errors and failure modes effectively.

1. **Data Redundancy and Availability**: Snowflake replicates data across multiple storage nodes, ensuring high availability and durability. Even if a storage node fails, the data is still accessible from other nodes, minimizing downtime and data loss.

2. **Compute Clusters**: Snowflake uses compute clusters to execute queries. If a compute cluster encounters an error or failure, Snowflake automatically allocates resources from other available clusters to continue the query execution. This ensures that the query completes without interruption, even if individual compute clusters fail.

3. **Query Failover**: Snowflake implements query failover, a mechanism that automatically retries a query on a different compute cluster if the initial cluster encounters an error. This feature ensures that the query is executed to completion, even if multiple compute clusters fail.

4. **Error Handling**: When an error occurs during query execution, Snowflake generates an error message that includes the error type, error number, and a detailed explanation of the issue. Developers can use this information to diagnose and resolve the error.

5. **Automated Maintenance**: Snowflake performs routine maintenance tasks, such as data compaction and index rebuilds, during periods of low activity to minimize the impact on query performance. If an error occurs during maintenance, Snowflake resumes the task at a later time without requiring manual intervention.

6. **Monitoring and Alerts**: Snowflake provides real-time monitoring and alerting for various metrics, such as query performance, storage usage, and resource utilization. This allows users to quickly identify and address any issues that may arise.

In a practical scenario, consider a data analyst running a complex query on a large dataset. If a compute cluster fails during query execution, Snowflake automatically allocates resources from other available clusters to continue the query. Upon completion, the analyst receives an email alert if any errors occurred during the query, along with a detailed error message to help diagnose and resolve the issue. This separation of storage and compute, coupled with robust error handling and automated maintenance, makes Snowflake a reliable choice for handling large-scale data warehousing and analytics tasks.",,,,,
Q008,To what degree did the Byzantine Empire preserve classical Greek knowledge and culture after the fall of Rome?,"The Byzantine Empire, also known as the Eastern Roman Empire, played a significant role in preserving classical Greek knowledge and culture after the fall of Rome. While the Western Roman Empire declined and eventually fell in the 5th century, the Byzantine Empire continued to thrive for another thousand years, serving as a crucial bridge between ancient Greece and the modern world.

One of the primary ways the Byzantine Empire preserved classical Greek knowledge was through the preservation and transmission of ancient Greek texts. Byzantine scholars and scribes carefully copied and translated many of the most important works of ancient Greek literature, philosophy, and science. This preservation of written knowledge allowed classical Greek ideas and concepts to be passed down to future generations, influencing the development of Western culture and civilization.

The Byzantine Empire also made significant contributions to the preservation of classical Greek culture through the arts. Byzantine artists and architects continued to produce works inspired by ancient Greek styles, such as the development of the Byzantine style of architecture, which drew heavily from classical Greek and Roman influences. Additionally, Byzantine literature, music, and dance all continued to draw on classical Greek traditions, ensuring the continued relevance and impact of ancient Greek culture.

In terms of education, the Byzantine Empire also played a crucial role in preserving classical Greek knowledge by establishing and maintaining institutions of learning. The University of Constantinople, founded in the 6th century, was a major center of learning and intellectual inquiry, where students studied classical Greek texts and developed a deep understanding of ancient Greek culture. The empire's emphasis on education and the transmission of knowledge helped to ensure the continued relevance and impact of classical Greek culture.

In summary, the Byzantine Empire made significant contributions to the preservation of classical Greek knowledge and culture. Through the preservation and transmission of ancient Greek texts, the arts, education, and institutions of learning, the Byzantine Empire served as a crucial bridge between ancient Greece and the modern world.","The Byzantine Empire, also known as the Eastern Roman Empire, played a crucial role in preserving classical Greek knowledge and culture after the fall of Rome (476 AD). The Byzantines regarded themselves as the continuation of the Roman Empire and maintained a strong commitment to classical Greek culture, which was deeply integrated into their political, religious, and intellectual life.

One of the most significant contributions of the Byzantine Empire was the preservation of classical Greek texts, particularly in the fields of philosophy, science, and literature. For example, the works of Aristotle, Plato, and Homer, which were in danger of being lost during the turmoil of the fall of Rome, were carefully copied and preserved by Byzantine scholars in monasteries and libraries.

Moreover, the Byzantines continued to use and develop the Greek language, which served as the lingua franca for the empire's diverse population. The Byzantine Empire also made significant contributions to the fields of law, medicine, and mathematics, building upon the foundations laid by their classical Greek predecessors.

One unique insight is that the Byzantine Empire's preservation of classical Greek culture was not solely academic. The Byzantines integrated classical Greek ideas into their art, architecture, and music, creating a distinctive Byzantine style that was both a continuation of classical Greek traditions and a unique expression of their own cultural identity.

For instance, the Hagia Sophia, a sixth-century Byzantine cathedral in Istanbul, is a masterpiece of Byzantine architecture that combines elements of classical Greek and Roman architecture with innovative design features, such as its famous dome and aisle structure.

In conclusion, the Byzantine Empire played a critical role in preserving classical Greek knowledge and culture after the fall of Rome. By preserving and developing classical Greek texts, maintaining the Greek language, and integrating classical Greek ideas into their art, architecture, and music, the Byzantines ensured that the legacy of classical Greece lived on for future generations.",,,,,
Q009,"How does Superconducting qubits vs Trapped-Ion quantum processors impact system performance, latency, and resource utilization?","Superconducting qubits and Trapped-Ion quantum processors are two leading technologies in the field of quantum computing, each with distinct advantages and trade-offs in terms of system performance, latency, and resource utilization.

Superconducting qubits, due to their robustness and scalability, are currently the most mature technology for building quantum computers. They offer fast gate times (typically nanoseconds) and high coherence times (microseconds to milliseconds), which contribute to lower latency and improved performance in quantum algorithms. For instance, Google's 53-qubit Sycamore processor achieved quantum supremacy by performing a calculation in 200 seconds that would take a classical supercomputer 10,000 years to complete. However, their main drawback is that they tend to require larger numbers of qubits to solve certain problems compared to other technologies.

Trapped-Ion quantum processors, on the other hand, excel in their ability to maintain long coherence times (seconds to minutes), allowing for more efficient storage and manipulation of quantum information. This translates into better resource utilization, as fewer qubits are needed to solve a given problem compared to superconducting qubits. The IonQ quantum computer, for example, has demonstrated error-corrected quantum computing with a 17-qubit system, which is a significant step towards building large-scale, error-tolerant quantum computers. However, their gate times are generally slower (microseconds to milliseconds) compared to superconducting qubits, leading to higher latency and potentially reduced performance in some applications.

In summary, while superconducting qubits offer faster gate times and higher performance in certain scenarios, trapped-ion quantum processors provide superior resource utilization due to their longer coherence times and higher potential for error correction. The choice between the two technologies will depend on the specific application and the trade-offs that are most relevant for each use case.","The choice between Superconducting qubits and Trapped-Ion quantum processors significantly impacts the performance, latency, and resource utilization of a quantum computing system. Here's a detailed comparison:

**Superconducting Qubits:**

1. **Performance:** Superconducting qubits are known for their high fidelity and low error rates, making them well-suited for complex quantum algorithms. They can achieve high gate fidelities, which is crucial for error correction and the scalability of quantum computing.
2. **Latency:** Superconducting qubits typically have shorter coherence times compared to Trapped-Ion qubits. This means they can process information faster, but may require more frequent error correction, which can increase latency.
3. **Resource Utilization:** Superconducting qubits require cryogenic cooling, which can be energy-intensive and requires significant infrastructure. However, they can be integrated into existing classical computing architectures, making them a popular choice for hybrid quantum-classical systems.

**Trapped-Ion Qubits:**

1. **Performance:** Trapped-Ion qubits excel in terms of coherence time and quantum state persistence, making them ideal for applications requiring long-term quantum storage. They are also well-suited for quantum simulation and metrology tasks.
2. **Latency:** Trapped-Ion qubits have longer coherence times than Superconducting qubits, which can result in slower processing times. However, their stability and low error rates make them well-suited for tasks that require precise control over quantum states.
3. **Resource Utilization:** Trapped-Ion qubits require more complex and sophisticated infrastructure, including ion traps, lasers, and vacuum chambers. This can result in higher resource utilization, but their stability and long coherence times make them a popular choice for applications requiring precise control over quantum states.

**Comparison:**

In summary, Superconducting qubits are well-suited for high-performance quantum computing applications that require fast processing and low error rates. Trapped-Ion qubits excel in tasks that require long-term quantum storage, precise control over quantum states, and high stability. The choice between these two architectures ultimately depends on the specific requirements of the application, including the desired level of performance, latency, and resource utilization.

In terms of system performance, Superconducting qubits are generally more suitable for applications that require high-speed processing, such as quantum simulations or machine learning. Trapped-Ion qubits, on the other hand, are better suited for applications that require precise control over quantum states, such as quantum metrology or quantum sensing.

In terms of latency, Superconducting qubits tend to have shorter latency compared to Trapped-Ion qubits. This is because Superconducting qubits can process information faster, but may require more frequent error correction, which can increase latency. Trapped-Ion qubits, with their longer coherence times, can process information slower but with lower error rates, resulting in lower latency.

In terms of resource utilization, Super",,,,,
Q010,What ethical obligations do we have towards future generations regarding environmental stewardship and resource consumption?,"Our ethical obligations towards future generations in terms of environmental stewardship and resource consumption are profound and multifaceted. They are grounded in the principles of intergenerational equity, sustainability, and responsibility.

Intergenerational equity involves ensuring that the present generation doesn't deplete or damage natural resources at the expense of future generations. For instance, over-mining of minerals or excessive deforestation can lead to environmental degradation, affecting the quality of life for future generations.

Sustainability, on the other hand, implies using resources in a way that allows them to be replenished or maintained for future use. An example is agroforestry, a land-use management system that integrates trees with crops and livestock, enhancing biodiversity, improving soil health, and ensuring food security for future generations.

Responsibility entails taking actions to prevent or mitigate negative environmental impacts. For example, countries could commit to reducing greenhouse gas emissions to combat climate change, which poses a significant threat to future generations.

Moreover, there's a growing recognition of the concept of ""ecological debt,"" where current generations are seen as borrowing from the environment at unsustainable rates. To repay this debt, we must adopt practices that conserve natural resources, reduce waste, and promote recycling.

In conclusion, our ethical obligations towards future generations involve preserving the planet's health, promoting sustainable resource use, and reducing ecological debt. By adopting these principles, we can ensure a livable planet for generations to come. This not only aligns with our moral responsibilities but also contributes to long-term human prosperity.","The question of ethical obligations towards future generations is a crucial one, as it relates to the long-term sustainability of our planet and the well-being of those who will inherit the Earth. From an ethical perspective, our obligations towards future generations can be broadly categorized into two main areas: environmental stewardship and responsible resource consumption.

**Environmental Stewardship**

As responsible stewards of the planet, we have a moral duty to protect and preserve the natural environment for future generations. This includes:

1. **Conserving natural resources**: We should strive to conserve natural resources, such as water, land, and biodiversity, for future generations to use and enjoy.
2. **Mitigating climate change**: As the primary cause of climate change, we have a responsibility to reduce our carbon footprint and transition to renewable energy sources to prevent catastrophic climate change.
3. **Preserving ecosystems**: We should work to preserve and restore ecosystems, such as forests, oceans, and wildlife habitats, which are essential for maintaining the planet's biodiversity and ecosystem services.

**Responsible Resource Consumption**

In addition to environmental stewardship, we have an ethical obligation to consume resources responsibly, considering the long-term implications for future generations. This includes:

1. **Reducing waste**: We should strive to minimize waste and reduce our consumption of single-use plastics, which can harm the environment and contribute to climate change.
2. **Promoting sustainable consumption**: We should prioritize sustainable consumption patterns, such as buying second-hand or sustainably sourced products, and reducing our reliance on fast fashion and other resource-intensive industries.
3. **Investing in renewable energy**: We should invest in renewable energy sources, such as solar and wind power, to reduce our reliance on fossil fuels and mitigate the impact of climate change.

**Key Principles**

To fulfill our ethical obligations towards future generations, we should adhere to the following key principles:

1. **Intergenerational equity**: We should consider the needs and well-being of future generations in our decision-making processes.
2. **Long-term thinking**: We should prioritize long-term sustainability over short-term gains.
3. **Accountability**: We should be accountable for our actions and their impact on the environment and future generations.

In conclusion, our ethical obligations towards future generations regarding environmental stewardship and resource consumption are clear: we must prioritize sustainability, conservation, and responsible consumption to ensure a livable and thriving planet for generations to come.",,,,,
Q011,What is the mathematical or theoretical foundation underlying Monolithic to microservice migration strategies?,"The mathematical or theoretical foundation underlying monolithic to microservice migration strategies lies in the principles of distributed systems, architecture, and software engineering. Here's a comprehensive breakdown:

1. **Distributed Systems Theory**: Monolithic to microservice migration can be viewed as a transformation from a centralized, monolithic system to a decentralized, distributed system. This transition is guided by fundamental principles in distributed systems theory, such as:
	* **Scalability**: Decentralizing the system enables it to scale more efficiently, as each microservice can be scaled independently.
	* **Fault Tolerance**: Microservices can be designed to be fault-tolerant, allowing the system to continue functioning even if one microservice fails.
	* **Autonomy**: Each microservice can be treated as a separate, autonomous unit, allowing for greater flexibility and adaptability.
2. **Service-Oriented Architecture (SOA)**: Microservices are built upon the principles of SOA, which emphasizes the creation of autonomous, modular services that can be composed to form a larger system. This leads to:
	* **Loose Coupling**: Microservices are designed to be loosely coupled, reducing dependencies and enabling greater flexibility.
	* **High Cohesion**: Each microservice focuses on a specific, well-defined domain, leading to high cohesion within each service.
3. **Software Engineering Principles**: The migration process is also guided by software engineering principles, such as:
	* **Separation of Concerns**: Microservices can be designed to address specific concerns, such as data processing or authentication, improving maintainability and scalability.
	* **Domain-Driven Design (DDD)**: Each microservice can be designed to align with specific business domains, enabling greater domain expertise and decision-making.

In conclusion, the mathematical or theoretical foundation underlying monolithic to microservice migration strategies is rooted in the principles of distributed systems, service-oriented architecture, and software engineering. These principles provide a solid foundation for designing and migrating monolithic systems to microservice-based architectures, enabling greater scalability, fault tolerance, and autonomy.","The mathematical and theoretical foundations underlying Monolithic to Microservice migration strategies are rooted in the principles of distributed computing, service-oriented architecture (SOA), and software engineering.

A monolithic architecture is a single, standalone application that performs all tasks. In contrast, a microservices architecture consists of small, independent services that communicate via APIs. The shift from monolithic to microservices aims to increase scalability, resilience, and maintainability.

Theoretically, the transition is based on the following concepts:

1. **Decomposition**: Breaking down the monolith into smaller, loosely coupled services (microservices). This process can be guided by domain-driven design (DDD) or the C4 model, which helps visualize and structure an application.

2. **Cohesion and Coupling**: Aim for high cohesion (each service should perform a single task) and low coupling (services should be as independent as possible).

3. **APIs**: Services communicate via well-defined APIs, enabling loose coupling and facilitating inter-service communication.

4. **Service Discovery and Load Balancing**: Services need to be discoverable and load balancing should be implemented to manage traffic efficiently.

5. **Data Management**: Services may need to share data. This can be achieved through databases (e.g., relational databases or NoSQL databases), message brokers (e.g., RabbitMQ, Kafka), or data synchronization tools (e.g., Apache Kafka Connect).

Practical examples of this transition include the case studies of Netflix, LinkedIn, and Twitter. Netflix, for instance, migrated to a microservices architecture to improve scalability and reliability. They used the Spinnaker platform to deploy, manage, and monitor their microservices.

In conclusion, the mathematical and theoretical foundations of monolithic to microservice migration strategies are rooted in distributed computing, SOA, and software engineering principles, focusing on decomposition, cohesion, coupling, API management, service discovery, load balancing, and data management. Practical examples demonstrate the benefits of this transition, such as improved scalability, resilience, and maintainability.",,,,,
Q012,How does philosophy address the nature of time?,"Philosophy has long been concerned with the nature of time, exploring its fundamental characteristics, our experience of it, and its relationship to other concepts. Philosophers have proposed various theories and arguments to understand time, often drawing on metaphysics, epistemology, and ontology.

One of the most influential philosophical debates on time is the distinction between presentism, eternalism, and the block theory. Presentism posits that only the present moment exists, while the past and future are merely memories or anticipations. Eternalism, on the other hand, suggests that all moments in time – past, present, and future – coexist simultaneously, with no privileged moment. The block theory, also known as the ""eternal block"" theory, proposes that time is a four-dimensional fabric, where all moments in time exist together, but our experience of time is a linear progression.

Philosophers have also examined the nature of time's flow, with some arguing that it is an objective feature of the universe (A-theory), while others propose that time's flow is a subjective experience (B-theory). The A-theory posits that time's flow is an objective feature of the universe, akin to the flow of causality or the unfolding of events. The B-theory, on the other hand, suggests that time's flow is a subjective experience, resulting from our perception and measurement of the world.

In addition to these debates, philosophers have explored the relationship between time and other concepts, such as causality, free will, and the human experience. For instance, philosophers have debated whether our experience of time is influenced by our perception of causality (e.g., the notion of ""cause and effect"") or whether our experience of time is independent of causality.

Examples of philosophers who have contributed significantly to the discussion on the nature of time include Aristotle, who explored the concept of time in relation to causality and the human experience; Immanuel Kant, who developed a theory of time based on the human experience and the limits of knowledge; and more recently, philosophers like William James, who explored the relationship between time and the human experience, and J.M.E. Moravcsik, who developed a theory of time based on the concept of ""temporal depth.""

In conclusion, philosophy has provided a rich and diverse set of perspectives on the nature of time, exploring its fundamental characteristics, our experience of it, and its relationship to other concepts. By examining these philosophical debates and theories, we can gain a deeper understanding of the complex and multifaceted nature of time.","Philosophy, particularly within metaphysics, has long been concerned with the nature of time. Various theories and perspectives have emerged over time, each offering unique insights into our understanding of time.

One of the earliest philosophical approaches to time is the theory of eternity, which posits that time is uncreated and eternal. This perspective is most famously associated with the ancient Greek philosopher Parmenides. He argued that change, which implies the passage of time, is an illusion, and that only permanence and unity truly exist.

On the other hand, the theory of temporal becoming, championed by Heraclitus, asserts that time is constantly flowing and changing. Change, in this view, is not an illusion but a fundamental aspect of reality. This perspective is reflected in the famous quote, ""You can never step into the same river twice.""

In the Middle Ages, the Augustinian view of time as a sequence of distinct, unchanging 'nows' gained prominence. This perspective, which can be seen as a precursor to the presentist view, holds that the 'now' is the only real moment, with past and future existing only as mental constructs.

More recently, Einstein's theory of relativity has significantly influenced our understanding of time. According to this theory, time is not absolute but relative to an observer's speed and location in the universe. This perspective challenges the classical view of time as a steady, universal flow and suggests that the nature of time may be more complex than previously thought.

In practical terms, these philosophical perspectives have implications for various fields, from physics and cosmology to psychology and philosophy of mind. For example, the debate between presentism and eternalism in philosophy of time is still a topic of active research in metaphysics, and the relativistic view of time has led to the development of sophisticated models for understanding the behavior of particles and the expansion of the universe.

In conclusion, philosophy offers a rich and diverse set of perspectives on the nature of time, from the eternal and unchanging to the constantly flowing and changing. These perspectives have not only shaped our understanding of time but have also provided a foundation for further scientific and philosophical inquiry.",,,,,
Q013,"If moral progress is possible, what criteria should be used to evaluate whether a society has achieved ethical improvement?","Evaluating whether a society has achieved ethical improvement requires a multifaceted approach, considering various criteria that reflect the complexities of moral progress. Here are some key indicators to assess ethical improvement:

1. **Reduced Inequality and Social Justice**: A society's moral progress can be measured by its ability to reduce economic, social, and political inequalities. This includes ensuring equal opportunities, access to education, healthcare, and employment, as well as promoting social cohesion and addressing systemic injustices.

Example: A society that implements policies to reduce the wealth gap between rich and poor, increases access to education for marginalized groups, and promotes diversity and inclusion in the workplace demonstrates moral progress.

2. **Protection of Human Rights**: The protection and promotion of human rights, such as the right to life, liberty, and the pursuit of happiness, are essential indicators of moral progress. This includes ensuring the rights of minorities, women, and vulnerable populations.

Example: A society that establishes and enforces laws protecting the rights of marginalized communities, such as the LGBTQ+ community, and ensures equal pay for equal work demonstrates moral progress.

3. **Respect for the Environment**: A society's moral progress can be evaluated by its commitment to environmental sustainability, conservation, and responsible resource management. This includes reducing pollution, promoting renewable energy, and protecting biodiversity.

Example: A society that implements policies to reduce carbon emissions, increases investment in renewable energy, and establishes protected areas for endangered species demonstrates moral progress.

4. **Transparency and Accountability**: A society's moral progress can be measured by its commitment to transparency in governance, decision-making processes, and the accountability of leaders and institutions.

Example: A society that establishes a robust system of checks and balances, ensures freedom of the press, and holds leaders accountable for their actions demonstrates moral progress.

5. **Promoting Education and Critical Thinking**: A society's moral progress can be evaluated by its investment in education, critical thinking, and intellectual curiosity. This includes promoting critical thinking, encouraging interdisciplinary learning, and addressing misinformation.

Example: A society that prioritizes education, promotes critical thinking through media literacy programs, and addresses misinformation through fact-checking initiatives demonstrates moral progress.

6. **Fostering Empathy and Compassion**: A society's moral progress can be measured by its ability to foster empathy and compassion, promoting a culture of kindness, and addressing social and emotional well-being.

Example: A society that establishes programs to promote mental health, supports community-based initiatives, and encourages volunteering and community service demonstrates moral progress.

By considering these criteria, it is possible to evaluate whether a society has achieved ethical improvement, demonstrating moral progress that benefits all members of society.","Moral progress in a society can be evaluated using several key criteria to ensure ethical improvement. These criteria help identify societal advancements in areas such as human rights, social justice, and ethical behavior. Here are some essential criteria to consider:

1. **Respect for human rights:** A society that respects and protects the basic human rights of all its citizens, regardless of race, gender, religion, or nationality, is making moral progress. For example, the abolition of slavery and the universal suffrage movement are historical examples of moral progress driven by the fight for human rights.

2. **Equal opportunity and social justice:** A society that provides equal opportunities for all its citizens, regardless of their background, is morally progressive. This includes policies aimed at reducing discrimination, promoting education and economic equality, and ensuring access to essential services like healthcare and housing.

3. **Ethical decision-making:** A society that consistently makes decisions based on ethical principles and values, such as honesty, fairness, and empathy, is exhibiting moral progress. For example, governments that prioritize the public good over private interests demonstrate ethical decision-making.

4. **Respect for the environment:** A society that values and protects the environment is making moral progress. This includes implementing policies and practices aimed at reducing pollution, conserving natural resources, and combating climate change.

5. **Accountability and transparency:** A society that holds its leaders accountable for their actions and operates with transparency is morally progressive. This includes having strong institutions that check the power of the government, ensuring freedom of the press, and promoting open government data policies.

6. **Peaceful conflict resolution:** A society that resolves conflicts peacefully and without violence is demonstrating moral progress. This includes having effective diplomatic channels, negotiating treaties, and promoting dialogue over violence.

By evaluating a society using these criteria, we can identify areas of moral progress and areas where improvement is needed. This information can help guide policy decisions, foster social change, and promote ethical improvement in society. Additionally, AI systems like myself can contribute by providing data analysis and insights to support these evaluations and drive moral progress further.",,,,,
Q014,What are the key differences between Keynesian economics and neoclassical economics regarding government intervention in the economy?,"Keynesian economics and neoclassical economics, two prominent schools of thought in economics, differ significantly in their views on government intervention in the economy, particularly during economic downturns.

Neoclassical economics, also known as classical economics, advocates for minimal government intervention. It assumes a self-regulating market where prices and wages adjust to achieve an equilibrium that maximizes overall welfare. In this theory, government intervention is seen as disruptive to the market's natural equilibrium. For example, during a recession, neoclassical economists would suggest allowing the market to correct itself without excessive fiscal stimulus, as they believe that lower wages and prices will eventually lead to recovery.

On the other hand, Keynesian economics emphasizes the role of government in managing the economy, particularly during periods of recession or high unemployment. Keynesians argue that during an economic downturn, private demand may be insufficient to maintain full employment, so the government should intervene to stimulate aggregate demand. For instance, during the Great Depression, U.S. President Franklin D. Roosevelt implemented the New Deal policies, which included public works projects, social security, and relief programs, to counteract the economic downturn.

Unique insights include the concept of the multiplier effect in Keynesian economics, which suggests that government spending can have a greater impact on economic growth than the initial amount spent due to the creation of secondary jobs through the spending cascade. In contrast, neoclassical economics tends to focus more on the crowding-out effect, where increased government spending leads to higher interest rates and reduced private investment.

In summary, while both schools of thought acknowledge the importance of economic stability, Keynesian economics advocates for active government intervention to manage demand and stimulate economic growth during downturns, while neoclassical economics encourages minimal intervention to allow the market to self-correct.","Keynesian economics and neoclassical economics are two distinct schools of thought in macroeconomics that have differing views on the role of government intervention in the economy. The key differences can be summarized as follows:

**Keynesian Economics:**

* Advocates for government intervention in the economy to stabilize economic activity and address market failures.
* Believes that government spending and taxation can be used as tools to boost aggregate demand and stimulate economic growth during times of recession.
* Emphasizes the importance of aggregate demand management and the potential for government intervention to mitigate the effects of economic shocks.
* Supports targeted policies, such as fiscal policy, to address specific economic issues, such as unemployment and inflation.

**Neoclassical Economics:**

* Favors a laissez-faire approach, with minimal government intervention in the economy.
* Believes that market forces are generally efficient and self-correcting, and that government intervention can disrupt these forces.
* Advocates for limited government intervention, focusing on maintaining a stable monetary policy and enforcing property rights.
* Emphasizes the importance of microeconomic efficiency and the potential for government intervention to distort market signals and create inefficiencies.

**Comparative Analysis:**

While both schools of thought recognize the importance of government intervention, Keynesians believe that government action can be a stabilizing force during times of economic uncertainty, whereas neoclassicals argue that government intervention can create more problems than it solves. Keynesians focus on aggregate demand management, whereas neoclassicals prioritize microeconomic efficiency.

**Examples:**

* During the 2008 global financial crisis, Keynesian policies, such as quantitative easing and fiscal stimulus, were implemented to stabilize the economy and boost aggregate demand.
* In the 1980s, neoclassical policies, such as monetary policy tightening and deregulation, were used to address high inflation and stabilize the economy.

In conclusion, the key differences between Keynesian and neoclassical economics regarding government intervention in the economy revolve around the role of government in stabilizing economic activity, managing aggregate demand, and promoting microeconomic efficiency. While both schools of thought recognize the importance of government intervention, Keynesians advocate for a more active role for government, whereas neoclassicals favor a more limited role.",,,,,
Q015,"What are the key trade-offs, advantages, and limitations of Epoll vs Select/Poll for non-blocking I/O?","Epoll and Select/Poll are two popular methods for handling non-blocking I/O in network programming. The choice between these two approaches depends on the specific requirements of the application, the operating system, and the desired performance characteristics.

**Key Trade-offs:**

1. **Complexity:** Epoll is generally considered more complex and difficult to implement than Select/Poll. Epoll requires a deeper understanding of the underlying kernel mechanisms and the use of kernel-level APIs, whereas Select/Poll is a higher-level, more straightforward approach.
2. **Performance:** Epoll typically provides better performance, especially for high-latency and high-throughput applications. Epoll allows for more efficient handling of multiple file descriptors and provides better scalability. Select/Poll, on the other hand, can become less efficient as the number of file descriptors grows.
3. **System Resource Utilization:** Epoll is known to consume more system resources (e.g., CPU, memory) compared to Select/Poll, especially when handling a large number of file descriptors.

**Advantages:**

1. **Epoll:** Provides better performance, scalability, and handling of multiple file descriptors. Suitable for high-latency and high-throughput applications.
2. **Select/Poll:** Easier to implement, requires less system resources, and is generally more compatible with older systems.

**Limitations:**

1. **Epoll:** Requires a specific kernel version (2.6.8.1 or later) and is not supported on all operating systems. Can be more difficult to debug due to its complexity.
2. **Select/Poll:** Can become less efficient as the number of file descriptors grows, and may not provide the same level of performance as Epoll.

**When to Choose Each:**

1. **Epoll:** Use Epoll for applications that require high performance, scalability, and handling of multiple file descriptors, such as high-traffic web servers, caching servers, or real-time data processing systems.
2. **Select/Poll:** Use Select/Poll for applications that require a more straightforward, easy-to-implement solution, such as low-traffic web servers, simple network services, or older systems.

In summary, Epoll offers better performance, scalability, and handling of multiple file descriptors, but at the cost of increased complexity and system resource utilization. Select/Poll provides a more straightforward, easier-to-implement solution, but may not provide the same level of performance as Epoll. The choice between these two approaches ultimately depends on the specific requirements of the application and the operating system.","Epoll, Select, and Poll are all C library functions used for handling network I/O in non-blocking mode in Linux systems. They all aim to improve performance by minimizing the number of system calls when handling multiple sockets. However, they have different trade-offs, advantages, and limitations.

1. **Epoll**: Epoll is a more modern and efficient version of Select and Poll. It uses a kernel-based event notification mechanism, which reduces the number of system calls and improves performance, especially for a large number of sockets. Epoll maintains an epoll_event structure for each registered file descriptor, which includes the file descriptor itself, an event mask, and a pointer to a user-defined data structure. When an event occurs on a monitored file descriptor, the kernel updates the corresponding epoll_event structure and notifies the application via a single system call, `epoll_wait()`.

   Advantage: Epoll can handle a larger number of file descriptors and is more scalable compared to Select and Poll.

   Limitations: Epoll uses more memory due to the epoll_event structure for each file descriptor.

2. **Select and Poll**: Both Select and Poll are user-space algorithms that maintain lists of file descriptors and their associated event masks. When an event occurs on a monitored file descriptor, the application polls the list to check for events. The primary difference between Select and Poll is that Select sorts the file descriptors based on their file descriptor number, while Poll sorts them based on their timeouts.

   Advantage: Select and Poll use less memory compared to Epoll because they don't require an epoll_event structure for each file descriptor.

   Limitations: They can become inefficient for a large number of file descriptors due to the need for multiple system calls to check for events on each file descriptor.

In practical terms, for applications dealing with a large number of sockets, Epoll is generally preferred due to its better performance. However, for applications with a limited number of sockets and memory constraints, Select or Poll might be more suitable due to their lower memory usage.",,,,,
Q016,What are the most common implementation pitfalls when adopting Retrieval-Augmented Generation (RAG) vector search?,"Adopting Retrieval-Augmented Generation (RAG) vector search can significantly enhance the performance of language models, but it also comes with several common implementation pitfalls that developers should be aware of to avoid suboptimal results.

1. **Inadequate Retrieval Strategy**: A poor retrieval strategy can lead to the wrong or insufficient data being used for generating responses. This may result in incorrect, misleading, or irrelevant information being provided. For example, if a retrieval strategy is not fine-tuned to understand the context, it may not efficiently retrieve relevant documents.

2. **Inefficient Data Preprocessing**: Preprocessing the data for RAG search is crucial to ensure that the retrieval model can effectively understand and index the information. Poor data preprocessing can lead to noisy or inconsistent data, negatively impacting the quality of the generated responses. For instance, improper normalization or inconsistent formatting can cause issues during retrieval.

3. **Improper Vectorization**: The success of RAG search heavily relies on the quality of the vectors. Incorrect vectorization methods may result in poor semantic understanding and unrelated responses. For example, using a vectorizer that doesn't capture the nuances of the language may lead to inaccurate vector representations.

4. **Lack of Diversity in Retrieved Documents**: If the retrieval model always selects similar documents, it may lead to repetitive and unhelpful responses. This can be addressed by incorporating diversity metrics during document retrieval to ensure a variety of information is considered.

5. **Insufficient Fine-tuning**: Fine-tuning the RAG model on specific tasks or datasets can significantly improve its performance. However, failing to fine-tune the model may lead to suboptimal results, as the model may not be adapted to the specific requirements of the task at hand.

By understanding and addressing these common pitfalls, developers can ensure a more successful implementation of Retrieval-Augmented Generation vector search, leading to improved performance and more accurate responses from their language models.","When adopting Retrieval-Augmented Generation (RAG) vector search, there are several common implementation pitfalls that can hinder the effectiveness of the solution. Here are some of the most common pitfalls to watch out for:

**1. Lack of understanding of the underlying vector space**: RAG relies heavily on the quality and relevance of the underlying vector space. Without a thorough understanding of the vector space, it can be challenging to select the optimal vectors for retrieval and generation. This can lead to suboptimal results and poor performance.

**Example**: Imagine using a pre-trained language model's embedding space for RAG without understanding the nuances of the space. This can result in irrelevant or unrelated results being retrieved and generated.

**2. Insufficient data quality and quantity**: RAG requires a large amount of high-quality data to train the model effectively. Insufficient data can lead to poor performance and inaccurate results. It's essential to ensure that the data is relevant, diverse, and well-represented.

**Example**: Using a small dataset for RAG training can lead to overfitting and poor generalization. In contrast, using a large, diverse dataset can improve the model's performance and accuracy.

**3. Incorrect choice of retrieval algorithm**: The choice of retrieval algorithm can significantly impact the performance of RAG. Selecting an algorithm that is not suitable for the specific use case or dataset can lead to poor results.

**Example**: Using a nearest neighbor algorithm for RAG when the dataset is highly structured and categorical can lead to poor performance. In contrast, using a more advanced algorithm like DPR or DPR-based algorithms can improve the model's performance.

**4. Lack of fine-tuning and experimentation**: RAG is a complex model that requires careful fine-tuning and experimentation to achieve optimal performance. Without proper tuning and experimentation, the model may not perform as expected.

**Example**: Failing to fine-tune the model's hyperparameters or experiment with different architectures and techniques can lead to suboptimal results.

**5. Ignoring the importance of post-processing and filtering**: RAG generates text based on the retrieved vectors. Ignoring the importance of post-processing and filtering can lead to poor results and irrelevant text.

**Example**: Failing to apply post-processing techniques like spell-checking, grammar-checking, or sentiment analysis can lead to poor text quality and accuracy.

In conclusion, adopting RAG vector search requires careful consideration of these common implementation pitfalls. By understanding the underlying vector space, ensuring sufficient data quality and quantity, selecting the correct retrieval algorithm, fine-tuning and experimenting with the model, and applying post-processing and filtering techniques, developers can create effective and accurate RAG-based solutions.",,,,,
Q017,"Considering the increasing prevalence of cyber warfare, how effective are quantum cryptography techniques at securing digital communications?","Quantum cryptography, also known as quantum key distribution (QKD), offers a unique approach to securing digital communications by leveraging the principles of quantum mechanics. Unlike traditional cryptography, QKD is based on the distribution of cryptographic keys through the exchange of photons, which are the basic units of light.

One of the key advantages of quantum cryptography is its ability to detect eavesdropping attempts, often referred to as ""interception"" in the context of quantum mechanics. If an unauthorized party tries to intercept the quantum key, the process disturbs the quantum state of the photons, causing noticeable changes in the received data. This is known as the ""no-cloning theorem"" in quantum physics, which states that it's impossible to create an exact copy of a quantum state.

A practical example of a quantum cryptography system is the BB84 protocol, proposed by physicists Charles H. Bennett and Gilles Brassard in 1984. In BB84, the communicating parties (Alice and Bob) each possess a randomly polarized photon source. They agree on a basis (horizontal, vertical, diagonal, or anti-diagonal) before transmitting the photons. If an eavesdropper (Eve) tries to intercept the photons, the polarization state will be altered, allowing Alice and Bob to detect her presence.

However, quantum cryptography is not without its limitations. Current QKD implementations are susceptible to photon loss during transmission, require specialized equipment, and are limited by the speed of light. Additionally, while quantum cryptography can detect eavesdropping attempts, it doesn't necessarily prevent them. An eavesdropper could potentially implement a quantum-safe attack, such as a phase-error attack, to bypass the security measures.

In summary, quantum cryptography offers significant advantages in securing digital communications, particularly in its ability to detect eavesdropping attempts. However, it faces practical challenges and is not yet the ultimate solution for all cybersecurity concerns. The development of more robust quantum cryptography systems is an active area of research, with the potential to revolutionize secure communication in the future.","**Quantum Cryptography: A Secure Solution for Digital Communications in the Face of Cyber Warfare**

In the era of escalating cyber warfare, the need for robust digital communication security has become more pressing than ever. Quantum cryptography, a subfield of quantum computing, has emerged as a promising solution to ensure the confidentiality and integrity of digital communications. This technique leverages the principles of quantum mechanics to encode and decode messages in a way that makes them virtually unbreakable.

**How Quantum Cryptography Works**

Quantum cryptography uses the phenomenon of quantum entanglement to generate a shared secret key between two parties, traditionally referred to as ""Alice"" and ""Bob."" This key is used to encrypt and decrypt messages. The process involves:

1. **Quantum Key Distribution (QKD):** Alice and Bob each have a quantum device that generates and measures entangled photons.
2. **Encryption:** The shared secret key is used to encrypt the message, ensuring only the intended recipient can decrypt it.
3. **Authentication:** The receiver (Bob) verifies the integrity of the message by comparing the encrypted message with the original transmission.

**Advantages of Quantum Cryptography**

Quantum cryptography offers several significant advantages in securing digital communications:

1. **Unconditional Security:** Quantum cryptography provides provable security, ensuring that any attempt to eavesdrop or tamper with the message will be detectable.
2. **High-Speed Encryption:** Quantum cryptography enables fast encryption and decryption processes, making it suitable for high-speed data transmission.
3. **Key Exchange:** Quantum cryptography enables secure key exchange, eliminating the need for trusted third-party key management.

**Challenges and Limitations**

While quantum cryptography offers significant security benefits, it is not without its challenges and limitations:

1. **Distance Limitations:** Quantum cryptography is currently limited to distances of around 200 kilometers due to the attenuation of quantum signals.
2. **Key Management:** Managing the shared secret keys remains a challenge, as they need to be updated regularly.
3. **Cost and Complexity:** Implementing quantum cryptography systems can be costly and complex, requiring specialized expertise.

**Conclusion**

In the face of increasing cyber warfare threats, quantum cryptography has emerged as a reliable solution for securing digital communications. While it is not without its challenges and limitations, the benefits it offers in terms of unconditional security, high-speed encryption, and key exchange make it an attractive option for organizations seeking to protect their sensitive information. As the technology continues to evolve, we can expect to see wider adoption of quantum cryptography in various industries and applications.",,,,,
Q018,Walk through a step-by-step breakdown of how Ransomware encryption vector detection handles errors or failure modes.,"Ransomware encryption vector detection is a critical component of ransomware prevention and mitigation. It involves identifying and analyzing the encryption patterns used by ransomware to encrypt files and data. When errors or failure modes occur, it's essential to have a robust system in place to handle these situations. Here's a step-by-step breakdown of how ransomware encryption vector detection handles errors or failure modes:

1. **Error Detection**: The detection system continuously monitors file system activity and analyzes encryption patterns. When an anomaly is detected, the system flags the suspicious activity for further analysis.
2. **Pattern Analysis**: The system analyzes the detected pattern to determine if it matches known ransomware encryption patterns. This involves comparing the pattern to a database of known ransomware encryption patterns.
3. **False Positive Mitigation**: In cases where the system incorrectly flags a legitimate encryption process as ransomware, the system implements a false positive mitigation strategy. This may involve re-analyzing the pattern, consulting with other security tools, or seeking human intervention to verify the accuracy of the detection.
4. **Failure Mode Handling**: When the system fails to detect ransomware or incorrectly identifies a legitimate encryption process, the system implements a failure mode handling strategy. This may involve:
	* **Error Reporting**: The system reports the failure to security administrators, providing detailed information on the failed detection.
	* **Pattern Update**: The system updates its pattern analysis database to improve detection accuracy and prevent similar failures in the future.
	* **Human Intervention**: In cases where the system fails to detect ransomware, security administrators may be notified to manually investigate and respond to the incident.
5. **Continuous Learning**: The system continuously learns from its experiences, updating its pattern analysis database and improving its detection accuracy over time.
6. **Integration with Other Security Tools**: The system integrates with other security tools, such as endpoint detection and response (EDR) solutions, to provide a comprehensive security posture.

By implementing these steps, ransomware encryption vector detection systems can effectively handle errors and failure modes, ensuring accurate and timely detection of ransomware threats.","Ransomware encryption vector detection, a critical component of cybersecurity systems, operates by identifying and mitigating threats associated with ransomware attacks. Here's a step-by-step breakdown of how it handles errors or failure modes:

1. Initial Scan: Upon system startup, the detection system scans the system for any unusual activities or known ransomware indicators, such as unexpected file changes, registry modifications, or network connections to suspicious IP addresses.

2. Behavior Analysis: If suspicious activities are detected, the system monitors the behavior of the suspicious process to confirm if it exhibits ransomware-like characteristics, such as encrypting files, modifying system settings, or attempting to connect to command-and-control servers.

3. Heuristic Analysis: If the process behavior is ambiguous, the system may perform heuristic analysis, where it looks for patterns and behaviors that match known ransomware families, even if the specific variant has not been previously encountered.

4. Threat Isolation: If a ransomware threat is confirmed, the system isolates the affected process or system component to prevent the spread of the ransomware. This could involve terminating the process, quarantining the infected files, or disconnecting the system from the network.

5. Error Handling: During the detection process, errors can occur due to false positives (mistaking harmless activities for ransomware) or false negatives (failing to detect actual ransomware). To handle these errors, the system implements feedback mechanisms to learn from each event, updating its database of known ransomware signatures and refining its detection algorithms for improved accuracy.

6. User Notification: Upon detecting a ransomware threat, the system notifies the user about the potential danger, provides recommendations for remediation, and logs the incident for further analysis.

In practical terms, consider a scenario where a user unknowingly downloads a file containing a new, unidentified ransomware variant. The system initially marks it as a false positive due to its novelty. However, after the ransomware starts encrypting files, the system's heuristic analysis identifies the threatening behavior, isolates the process, and notifies the user, even though it initially misclassified the threat. Over time, the system learns from this event, updating its database to better identify similar threats in the future.",,,,,
Q019,How do astronomers detect exoplanets using the transit method and what challenges remain in confirming their existence?,"The transit method is a popular technique employed by astronomers to detect exoplanets, which are planets orbiting stars outside our solar system. This method is based on the periodic dimming of a star's brightness as a planet transits, or passes in front of it from our perspective.

Here's a simplified process:
1. Astronomers observe a large number of stars over an extended period.
2. They measure the stars' brightness repeatedly using space telescopes like NASA's Kepler Space Telescope or the Transiting Exoplanet Survey Satellite (TESS).
3. If a star's brightness dips periodically, it may indicate the presence of a planet that is passing in front of the star.

However, confirming the existence of these exoplanets presents several challenges:

1. False Positives: Stars can exhibit periodic dimming due to reasons other than exoplanets, such as binary stars, spots on the star, or stellar pulsations. These false positives can be minimized by analyzing the light curve (graph of a star's brightness over time) and other factors, but they still pose a significant hurdle.

2. Verification: Once a potential exoplanet is detected, astronomers must verify its existence by other methods, such as the radial velocity method, which detects the wobble of a star caused by the gravitational pull of an orbiting planet.

3. Characterization: Once the existence of an exoplanet is confirmed, astronomers aim to characterize it further, determining its size, mass, atmospheric composition, and habitability potential. This requires advanced telescopes, spectrographs, and sophisticated data analysis techniques.

For example, the Spitzer Space Telescope can observe infrared light, which can help characterize exoplanetary atmospheres, and the James Webb Space Telescope, launching in 2021, will significantly improve our ability to study these distant worlds.

In conclusion, while the transit method has been instrumental in the discovery of thousands of exoplanets, overcoming the challenges associated with false positives, verification, and characterization remains a crucial task for astronomers in the quest to better understand our universe.","Astronomers use the transit method to detect exoplanets, which is a crucial technique for identifying planets outside our solar system. The transit method is based on measuring the dimming of a star's light as a planet passes in front of it, a phenomenon known as a transit. Here's how it works:

1. **Detection**: Astronomers use space-based telescopes, such as the Kepler Space Telescope or the Transiting Exoplanet Survey Satellite (TESS), to continuously monitor the brightness of a star over a long period. The telescope captures the star's light as it is modulated by the planet's transit.
2. **Data analysis**: The collected data is then analyzed to identify the characteristic dimming pattern caused by the planet's transit. The dimming is typically accompanied by a slight change in the star's color and temperature.
3. **Validation**: To confirm the detection, astronomers verify the transit signal by:
	* **Confirming the transit**: By ensuring that the dimming is repeated and consistent, indicating a planetary origin.
	* **Ephemeris**: By generating an ephemeris, which predicts the timing and duration of future transits, allowing for further observations.
	* **Spectroscopy**: By analyzing the star's spectrum to determine the planet's orbital parameters and atmospheric composition.

Despite the transit method's success, challenges remain in confirming the existence of exoplanets:

1. **Noise and false positives**: The transit signal can be affected by instrumental noise, stellar activity, and false positives, which can lead to misidentification of planets.
2. **Blending**: When a planet orbits a multiple-star system, the transit signal can be blended with the light curves of other stars, making it harder to distinguish the planet's signal.
3. **Orbital uncertainties**: The transit method relies on precise orbital parameter determination, which can be challenging, especially for planets with highly eccentric orbits.
4. **Atmospheric contamination**: Atmospheric conditions, such as clouds or aurorae, can affect the accuracy of transit measurements.

To overcome these challenges, astronomers continue to develop new detection methods, such as the radial velocity method and the direct imaging technique. Additionally, advances in data analysis and modeling techniques have improved the accuracy and efficiency of transit detection.",,,,,
Q020,How do astronomers use parallax measurements to determine the distances to nearby stars?,"Astronomers employ parallax measurements to determine the distances to nearby stars by utilizing a fundamental principle of trigonometry. The method relies on the apparent shift of a star's position against the background of more distant stars when viewed from opposite sides of the Earth's orbit around the Sun. This parallax effect is caused by the Earth's motion, which creates a tiny angle between the star's true position and its apparent position from the Earth's surface.

To measure the parallax, astronomers use a technique called astrometry. They observe a nearby star, usually within a few hundred parsecs, over a period of several years. During this time, the Earth moves around the Sun, creating a baseline of about 2 AU (astronomical units, or the average distance between the Earth and the Sun). The star's position is recorded at two specific points in the Earth's orbit, approximately 6 months apart. This allows astronomers to create a triangle with the star at one corner, the Earth at another, and the Sun at the third.

By applying the principles of trigonometry, astronomers calculate the parallax angle (π) using the following formula:

tan(π) = (star's apparent position difference) / (baseline distance)

The parallax angle is then used to calculate the star's distance (d) from the Earth using the following formula:

d = 1 / (2 × tan(π))

For example, suppose an astronomer observes a star that appears to shift 0.5 arcseconds (a tiny angle) over a baseline of 2 AU. Using the formulas above, they calculate the parallax angle (π) and then the distance to the star:

π = arctan(0.5 arcseconds / 2 AU) ≈ 1.3 arcseconds
d = 1 / (2 × tan(1.3 arcseconds)) ≈ 1.38 parsecs

This method has been used to determine the distances to many nearby stars, providing crucial information about their properties, such as their mass, luminosity, and surface temperature. Parallax measurements have also enabled astronomers to create detailed maps of the nearby star-forming regions and study the properties of binary and multiple star systems.","Parallax is a fundamental method astronomers use to determine the distances to nearby stars. This technique takes advantage of the Earth's orbit around the Sun, which causes a star's apparent position to shift slightly as the Earth moves. This effect, known as parallax, can be measured and used to calculate the distance to the star.

Here's a simplified step-by-step explanation:

1. Observations are made of a star from two different points, typically six months apart, when the Earth is on opposite sides of its orbit around the Sun.

2. The angle between the two observed positions of the star, known as the parallax angle, is measured. This angle is usually very small, typically less than one arcminute.

3. The distance to the star (d) is then calculated using the formula: d = 1 / (parallax angle x average Earth-Sun distance). The average Earth-Sun distance (AU) is about 149.6 million kilometers.

4. The result is usually given in parsecs, where 1 parsec (pc) is equivalent to 3.26 light-years.

For example, consider Proxima Centauri, the closest star to the Sun. Its parallax angle has been measured as 0.77 arcseconds. Using the formula, we can calculate its distance as approximately 1.29 parsecs or 4.24 light-years.

This method is particularly useful for nearby stars, as it becomes less accurate for more distant objects due to the smaller parallax angles involved. However, it forms a crucial part of stellar astronomy, allowing us to understand the scale of our galaxy and the universe beyond.",,,,,
Q021,How does anesthesia work?,"Anesthesia is a complex process that involves the administration of medications or gases to induce a state of numbness or unconsciousness, allowing patients to undergo medical procedures or surgeries without experiencing pain or discomfort. Here's a comprehensive explanation of how anesthesia works:

**The Anesthesia Process**

The anesthesia process typically involves the following stages:

1. **Pre-anesthesia evaluation**: The anesthesiologist evaluates the patient's medical history, allergies, and current health status to determine the best anesthesia plan.
2. **Induction**: The anesthesiologist administers a medication, such as propofol or etomidate, to induce a state of light sedation or unconsciousness.
3. **Maintenance**: Once the patient is unconscious, the anesthesiologist adjusts the anesthesia medications to maintain the desired level of sedation or anesthesia throughout the procedure.
4. **Reversal**: After the procedure, the anesthesiologist reverses the anesthesia effects by administering medications that counteract the effects of the initial anesthetics.

**How Anesthesia Works**

Anesthesia works by affecting the brain's neurotransmitters, which regulate pain perception, consciousness, and muscle relaxation. Here's a breakdown of the key mechanisms:

1. **Blocking pain signals**: Anesthesia medications block the transmission of pain signals from the body to the brain, eliminating the sensation of pain.
2. **Modulating consciousness**: Anesthesia medications alter the brain's state of consciousness, making the patient unaware of their surroundings or the procedure.
3. **Relaxing muscles**: Anesthesia medications relax muscles, reducing muscle tone and preventing muscle contractions that could interfere with the procedure.
4. **Affecting neurotransmitters**: Anesthesia medications alter the levels of neurotransmitters, such as acetylcholine and dopamine, which regulate pain, consciousness, and muscle relaxation.

**Types of Anesthesia**

There are several types of anesthesia, including:

1. **General anesthesia**: A patient is unconscious and paralyzed during the procedure.
2. **Regional anesthesia**: A patient is numb and may be awake during the procedure, but is unable to feel pain.
3. **Local anesthesia**: A patient is numb in a specific area, but remains conscious and alert.

In conclusion, anesthesia is a complex process that involves the administration of medications or gases to induce a state of numbness or unconsciousness, allowing patients to undergo medical procedures or surgeries without experiencing pain or discomfort. By understanding how anesthesia works, patients can feel more informed and prepared for their anesthesia experience.","Anesthesia is a crucial component of modern medicine, enabling surgeries and other medical procedures to be performed pain-free. It works by blocking the transmission of nerve signals between the brain and the body, thereby inducing a state of temporary unconsciousness or analgesia (pain relief).

There are primarily three types of anesthesia: general, regional, and local.

1. General anesthesia: This is the deepest form of anesthesia, where patients are rendered unconscious and unresponsive. It is typically administered through intravenous injection or inhalation. For instance, during a major surgery, a patient is given a combination of drugs, including opioids, benzodiazepines, and inhalational anesthetics, to induce general anesthesia.

2. Regional anesthesia: This numbs a specific region of the body while the patient remains conscious. Examples include epidural anesthesia (used during childbirth) and spinal anesthesia (used for lower body surgeries). In these cases, anesthetics are injected near the spinal cord to block the sensation in the affected area.

3. Local anesthesia: This numbs a small, specific area of the body, typically used for minor procedures like stitches or dental work. Local anesthetics, such as lidocaine, are injected into the target area, causing a loss of sensation without affecting consciousness.

Anesthesia works by interacting with ion channels in nerve cells, altering their electrical properties and preventing the transmission of pain signals to the brain. For example, local anesthetics like lidocaine bind to sodium channels on the nerve membrane, reducing their permeability and inhibiting the generation of action potentials (nerve impulses).

Understanding how anesthesia works is essential for both medical professionals and patients. It allows healthcare providers to administer the appropriate type and dosage of anesthesia for each procedure, ensuring the safety and comfort of patients during medical interventions.",,,,,
Q022,What is the mathematical or theoretical foundation underlying FlashAttention GPU memory optimizations?,"The FlashAttention GPU memory optimizations are based on the mathematical and theoretical foundations of attention mechanisms in Transformer models, combined with efficient hardware utilization techniques.

In Transformer models, self-attention is a critical component that allows the model to focus on relevant parts of the input sequence when computing the output. However, the vanilla self-attention mechanism has a high computational and memory complexity due to the squared input sequence length. This makes it challenging to scale Transformer models to longer sequences and larger batch sizes, especially on GPUs with limited memory.

To address these challenges, the FlashAttention mechanism, introduced by Microsoft Research, optimizes the GPU memory usage by reducing the number of attended tokens that need to be stored in memory at any given time. This is achieved by partitioning the input sequence into smaller chunks and applying attention within each chunk independently. This approach, known as local attention, significantly reduces the memory footprint and allows for more efficient parallelization on GPUs.

More specifically, FlashAttention uses a sparsified attention pattern, where only a fraction of tokens are kept active within each chunk. This is achieved by pruning redundant connections in the attention layer using a learned mask. The mask is learned during training and helps to further reduce the memory requirements and improve the computational efficiency.

In practice, FlashAttention has been shown to achieve significant speedups on large-scale Transformer models without compromising the model's performance. For example, on a 32GB V100 GPU, it can train a 6-billion parameter model with a sequence length of 512 on the WikiText-103 dataset, which is 10 times larger than what can be achieved with the standard Transformer.

In conclusion, the FlashAttention mechanism optimizes GPU memory usage by partitioning the input sequence into smaller chunks, applying local attention, and pruning redundant connections using a learned mask. This approach significantly reduces the memory footprint and improves the computational efficiency of Transformer models, enabling the training of larger models on longer sequences.","The FlashAttention GPU memory optimizations are rooted in the mathematical foundation of attention mechanisms, which are a crucial component of transformer-based models. At its core, attention is a weighted average of different input elements, where the weights are learned during training. This concept is deeply connected to the concept of linear algebra and matrix multiplication.

From a theoretical perspective, FlashAttention leverages the properties of sparse attention and matrix multiplication to reduce memory consumption. Specifically, it exploits the fact that the attention weights can be represented as a sparse matrix, where most of the elements are zero. By taking advantage of this sparsity, FlashAttention can store and manipulate the attention weights more efficiently, leading to significant memory savings.

To achieve this, FlashAttention employs a combination of techniques, including:

1. **Sparse attention**: By representing the attention weights as a sparse matrix, FlashAttention can store only the non-zero elements, reducing memory consumption.
2. **Matrix multiplication**: FlashAttention utilizes matrix multiplication to compute the attention weights, which can be done more efficiently using sparse matrix operations.
3. ** Hierarchical attention**: FlashAttention introduces a hierarchical attention mechanism, where the attention weights are computed at multiple scales, allowing for more efficient computation and memory usage.

The underlying mathematical foundation of FlashAttention is based on linear algebra and matrix theory, which provides the theoretical basis for the memory optimizations. By leveraging these mathematical concepts, FlashAttention can efficiently handle large input sequences and provide significant memory savings, making it a crucial component of modern transformer-based models.

In summary, the mathematical or theoretical foundation underlying FlashAttention GPU memory optimizations is rooted in the concepts of attention mechanisms, sparse matrix multiplication, and hierarchical attention, which provide a robust and efficient framework for handling large input sequences and reducing memory consumption.",,,,,
Q023,"What are the security, privacy, and architectural considerations for Ransomware encryption vector detection?","Ransomware encryption vector detection is a crucial aspect of cybersecurity, as it enables organizations to identify and respond to potential ransomware attacks before they cause significant damage. To achieve this, it's essential to consider the following security, privacy, and architectural considerations:

**Security Considerations:**

1. **Network Segmentation:** Implementing network segmentation can help contain the spread of ransomware by isolating critical systems and data.
2. **Intrusion Detection Systems (IDS):** Configure IDS to detect and alert on suspicious encryption-based activity, such as unusual file encryption patterns.
3. **Encryption Analysis:** Develop a system to analyze encryption patterns, comparing them to known ransomware encryption techniques, such as AES-256 or RSA-2048.
4. **Behavioral Analysis:** Implement behavioral analysis to monitor and detect anomalous system behavior, such as rapid file encryption or unusual system calls.
5. **Memory Forensics:** Use memory forensics tools to analyze system memory and detect potential ransomware activity, such as suspicious process creation or memory modifications.

**Privacy Considerations:**

1. **Data Minimization:** Ensure that any detection mechanisms minimize data collection and processing to prevent unnecessary data exposure.
2. **Data Anonymization:** Implement data anonymization techniques to protect sensitive information, such as IP addresses or system credentials.
3. **Privacy-Enhancing Technologies (PETs):** Utilize PETs, such as homomorphic encryption or secure multi-party computation, to enhance data privacy during encryption vector detection.

**Architectural Considerations:**

1. **Distributed Detection:** Implement a distributed detection architecture to enable real-time threat detection across multiple nodes and systems.
2. **Cloud-Based Detection:** Leverage cloud-based services, such as AWS or Azure, to process large amounts of data and detect potential ransomware activity.
3. **API Integration:** Integrate ransomware detection APIs with existing security information and event management (SIEM) systems or security orchestration, automation, and response (SOAR) tools.
4. **Scalability and Flexibility:** Design the detection system to be scalable and flexible, allowing for easy integration with existing security frameworks and infrastructure.

By considering these security, privacy, and architectural considerations, organizations can develop effective ransomware encryption vector detection mechanisms that protect against potential threats while minimizing the risk of data breaches and privacy violations.","Ransomware encryption vector detection requires careful consideration of security, privacy, and architectural aspects to ensure effective protection while minimizing potential risks.

1. Security: To prevent ransomware attacks, it's essential to implement multiple security layers. These include firewalls, intrusion detection systems, and antivirus software. Regular software updates and patch management are also crucial, as they often address newly discovered vulnerabilities that ransomware could exploit.

   Example: A company using email as a primary communication channel should implement email gateways with advanced threat protection to scan incoming emails for malicious attachments or links.

2. Privacy: Privacy considerations are particularly important when dealing with sensitive data. Encrypting data at rest and in transit is a fundamental step to protect it. Additionally, implementing data loss prevention (DLP) solutions can help monitor and control the flow of sensitive data to prevent unauthorized access.

   Example: A healthcare organization can use DLP to enforce policies that restrict the sharing of patient data with unauthorized users, reducing the risk of data leaks during a ransomware attack.

3. Architectural Considerations: A defense-in-depth approach is recommended, meaning that multiple layers of protection are implemented to safeguard against ransomware. This includes network segmentation, which limits the spread of ransomware within a network, and the use of air-gapped systems for critical data storage.

   Example: A financial institution can use network segmentation to isolate critical systems, such as banking applications, from the internet, reducing the risk of ransomware attacks.

4. Ransomware Encryption Vector Detection: To detect ransomware, solutions like Endpoint Detection and Response (EDR) and Extended Detection and Response (XDR) can be employed. These tools use machine learning and behavior analysis to detect unusual patterns that may indicate ransomware activity.

   Example: An EDR solution can alert a security team when it detects a process encrypting files across a network, potentially indicating a ransomware attack.

In conclusion, a comprehensive approach to ransomware protection involves multiple layers of security, privacy, and architectural considerations. By implementing these measures, organizations can significantly reduce their risk of a ransomware attack and minimize the impact if one occurs.",,,,,
Q024,How have shifts in musical genres influenced social movements throughout the 20th and 21st centuries?,"Throughout the 20th and 21st centuries, shifts in musical genres have significantly influenced and reflected various social movements. This relationship is a testament to music's power as a universal language, capable of expressing emotions, ideas, and collective experiences.

One of the most notable examples is the role of blues and jazz in the African American civil rights movement. Artists like Billie Holiday, Nina Simone, and Bob Dylan used their music to voice civil rights concerns and inspire activism. Holiday's haunting rendition of ""Strange Fruit,"" a song about lynching, was a powerful protest against racial injustice. Similarly, Dylan's ""Blowin' in the Wind"" became an anthem of the movement, with its poetic lyrics raising questions about freedom, equality, and peace.

Rock and roll, which emerged in the late 1940s and early 1950s, also played a significant role in social change. It was associated with youth rebellion and counterculture, symbolizing a generation's desire for freedom and individuality. The Beatles, The Rolling Stones, and Jimi Hendrix were some of the genre's leading figures, their music reflecting the changing values and aspirations of the baby boomer generation.

In the 21st century, genres like hip-hop and electronic dance music (EDM) have continued this tradition. Artists like Kendrick Lamar, Kanye West, and Daft Punk have used their music to address social issues such as police brutality, racial inequality, and mental health. Lamar's ""Alright"" and West's ""Yeezus"" albums, for instance, are filled with lyrics that critique contemporary society and offer insights into the artists' personal struggles.

In conclusion, musical genres have served as a powerful medium for social commentary and activism throughout the 20th and 21st centuries. They have provided a platform for marginalized voices to be heard, inspired movements for change, and offered a shared experience for communities in times of upheaval. Understanding this relationship can help us appreciate the transformative power of music and its role in shaping our society.","The intersection of music and social movements has been a powerful force throughout the 20th and 21st centuries. Shifts in musical genres have played a significant role in shaping and reflecting the cultural, political, and social currents of their respective eras.

In the early 20th century, jazz music emerged as a symbol of African American identity and resistance against racial segregation. Jazz artists like Louis Armstrong, Duke Ellington, and Charlie Parker used their music to express the struggles and triumphs of the African American experience, helping to pave the way for the Civil Rights Movement.

The 1960s saw the rise of folk music, which became a powerful tool for social change. Artists like Bob Dylan, Joan Baez, and Peter, Paul and Mary used their music to protest the Vietnam War, advocate for civil rights, and promote environmental awareness. The folk music movement helped galvanize the counterculture and anti-war movements, which were instrumental in shaping the social and political landscape of the era.

In the 1980s, the emergence of hip-hop culture and rap music helped to give voice to urban youth and amplify their concerns about poverty, police brutality, and social inequality. Artists like Run-DMC, the Beastie Boys, and Public Enemy used their music to challenge systemic racism and advocate for social justice, paving the way for the Hip-Hop Movement and its subsequent impact on popular culture and social activism.

In the 21st century, electronic dance music (EDM) and other genres have played a significant role in shaping the LGBTQ+ rights movement and promoting inclusivity and diversity. Artists like Lady Gaga, Kesha, and Troye Sivan have used their music to advocate for LGBTQ+ rights and challenge social norms, helping to create a more accepting and inclusive cultural landscape.

Throughout the 20th and 21st centuries, shifts in musical genres have not only reflected the cultural and social currents of their respective eras but have also played a crucial role in shaping and driving social movements. By providing a platform for marginalized voices, amplifying social concerns, and challenging systemic injustices, music has been a powerful catalyst for social change and a testament to the enduring power of art to shape and reflect our world.",,,,,
Q025,Explain the technical mechanics of Microservices saga pattern for distributed transactions in detail.,"The Microservices Saga pattern is a strategy for managing distributed transactions in a microservices architecture. It addresses the challenges of atomicity and consistency in distributed systems where multiple services are involved in a single business transaction.

In a traditional ACID (Atomicity, Consistency, Isolation, Durability) transaction model, a transaction is treated as a single, indivisible unit of work. However, in a microservices architecture, where services communicate over networks, maintaining ACID properties can be difficult.

The Microservices Saga pattern breaks down a single transaction into multiple local transactions across microservices, each with its own local database. Each local transaction is a ""saga"" or a sequence of local transactions. The overall transaction is a ""saga instance.""

1. **Initiate the Saga:** The process begins when a client initiates a request, which triggers the first local transaction (local saga) in one microservice.

2. **Local Transactions:** Each local transaction modifies the local state of the microservice and generates an event. Events are messages that represent the outcome of a local transaction.

3. **Event Handlers:** Other microservices subscribe to these events. When an event is received, it triggers a local transaction (local saga) in the subscribing microservice.

4. **Compensating Transactions:** If an error occurs during the local transaction, a compensating transaction is initiated to undo the changes made by the previous local transaction.

5. **Global Transaction:** The global transaction's success or failure is determined by the final state of all local transactions. If all local transactions are successful, the saga instance is considered successful. If any local transaction fails, the saga instance is marked as failed, and compensating transactions are executed to undo the changes made by the successful local transactions.

A practical example: Consider an online bookstore with services for user management, order management, and inventory management. When a user places an order, a saga is initiated. The user management service creates a new user account (local transaction), the order management service records the order (local transaction), and the inventory management service updates the inventory (local transaction). If the inventory management service fails to update the inventory, a compensating transaction is initiated to cancel the order and update the user's account.

The Microservices Saga pattern provides a robust solution for handling distributed transactions in microservices architectures, enabling developers to build highly scalable and resilient applications. It allows for greater flexibility and independence among microservices while maintaining the consistency required for business transactions. However, it can lead to complex error handling and increased complexity due to the need for event handling and compensating transactions.","The Microservices Saga pattern is a design pattern used to manage distributed transactions in a microservices architecture. It is a mechanism to ensure that multiple microservices, which may be running on different machines or in different data centers, work together to achieve a common goal, while maintaining consistency and integrity of the data.

**Technical Mechanics:**

The Microservices Saga pattern involves three main components:

1. **Saga Instance**: A Saga instance is an instance of the Saga pattern that is responsible for managing a specific business transaction. Each Saga instance is responsible for orchestrating a series of microservices to complete a specific task.
2. **Local Transactions**: Each microservice involved in the Saga instance manages its own local transaction. This ensures that each microservice's database is updated with the correct data, regardless of the outcome of the overall transaction.
3. **Compensating Actions**: Compensating actions are the reverse actions that are executed if the overall transaction fails. These actions are designed to undo any changes made by the microservices during the transaction.

**Saga Pattern Flow:**

The Saga pattern flow can be broken down into the following steps:

1. **Create Saga Instance**: The Saga instance is created to manage the distributed transaction.
2. **Local Transactions**: Each microservice performs its local transaction, updating its own database.
3. **Saga Instance Orchestrates**: The Saga instance coordinates the microservices to ensure that the overall transaction is successful.
4. **Compensating Actions**: If the overall transaction fails, the Saga instance executes the compensating actions to undo any changes made by the microservices.
5. **Saga Instance Completes**: The Saga instance completes, and the overall transaction is considered successful or failed.

**Example:**

Consider a scenario where a microservice is responsible for processing payments, and another microservice is responsible for updating a customer's account balance. The Saga pattern would be used to manage the transaction as follows:

* The Saga instance is created to manage the payment transaction.
* The payment microservice performs its local transaction, updating the payment status.
* The account balance microservice performs its local transaction, updating the customer's account balance.
* The Saga instance orchestrates the microservices to ensure that the payment is successful.
* If the payment fails, the Saga instance executes the compensating actions to undo the changes made by the microservices.

In this example, the Microservices Saga pattern ensures that the payment and account balance microservices work together to achieve a consistent and accurate outcome, while maintaining the integrity of the data.

**Benefits:**

The Microservices Saga pattern provides several benefits, including:

* **Improved Consistency**: The pattern ensures that the data is consistent across all microservices involved in the transaction.
* **Increased Availability**: The pattern allows for increased availability, as each microservice can continue to function independently, even if the overall transaction fails.
* **Simplified Error Handling**: The pattern simplifies error handling, as the Saga instance can execute compensating actions to",,,,,
Q026,What is information theory?,"Information theory is a branch of mathematics and electrical engineering that deals with the quantification, storage, and communication of information. It was developed in the 1940s by Claude Shannon, who is considered the father of information theory. The main goal of information theory is to understand how to efficiently and accurately transmit information from one point to another, while minimizing errors and distortions.

At its core, information theory is concerned with the concept of entropy, which measures the uncertainty or randomness of a message. Entropy is a fundamental concept in information theory, as it provides a way to quantify the amount of information contained in a message. The higher the entropy of a message, the more information it contains, and the more difficult it is to compress or predict.

Information theory has many practical applications in a wide range of fields, including:

1. Data compression: Information theory provides the mathematical foundations for data compression algorithms, such as Huffman coding and arithmetic coding, which allow for efficient storage and transmission of data.
2. Error-correcting codes: Information theory is used to develop error-correcting codes, such as Hamming codes and Reed-Solomon codes, which can detect and correct errors that occur during data transmission.
3. Cryptography: Information theory is used to develop secure encryption and decryption algorithms, such as public-key cryptography and digital signatures, which ensure the confidentiality and authenticity of data.
4. Communication systems: Information theory is used to optimize the performance of communication systems, such as digital communication systems and network protocols, by minimizing errors and maximizing throughput.

Some key concepts in information theory include:

1. Shannon's source coding theorem: This theorem states that the entropy of a message is a lower bound on the minimum number of bits required to represent the message.
2. Channel capacity: This refers to the maximum rate at which information can be transmitted reliably over a communication channel.
3. Mutual information: This measures the amount of information that one random variable contains about another.
4. Relative entropy: This measures the difference between two probability distributions.

Information theory has had a profound impact on the development of modern communication systems, and its applications continue to grow as the world becomes increasingly reliant on digital communication.","Information theory is a branch of mathematics and computer science that deals with the quantification, storage, and transmission of information. It was developed by Claude Shannon in 1948 as a way to understand and measure the fundamental limits of communication.

The central concept in information theory is the idea of entropy, which measures the amount of uncertainty or randomness in a system. For example, if a coin is flipped, the entropy is 1 bit (the minimum amount of information needed to specify an outcome) because there are two possible outcomes: heads or tails.

Another important concept is the idea of information content, which measures the amount of information provided by a message. For example, if a weather forecast says ""It will rain tomorrow,"" it provides 1 bit of information (since there are two possible outcomes: it will rain or it won't rain), but if it says ""It will rain tomorrow, and it will be heavy,"" it provides an additional 1 bit of information, since there are now two possible outcomes for ""heavy"": more than usual or less than usual.

Information theory is also used to optimize communication systems. For example, Huffman coding is a lossless data compression algorithm based on information theory that assigns shorter codes to more frequently occurring symbols, reducing the average length of the code and thus reducing the amount of data that needs to be transmitted.

In practical terms, information theory has many applications, such as in data compression algorithms, error-correcting codes, and cryptography. It also provides a framework for understanding and optimizing the communication of information in biological systems, such as the transmission of neural signals in the brain.

Overall, information theory is a powerful tool for understanding and optimizing the communication of information in both artificial and natural systems. It provides a way to quantify and measure the amount of information in a message, and it provides algorithms for compressing and transmitting that information efficiently.",,,,,
Q027,How did the Arab Spring unfold?,"The Arab Spring was a wave of protests and uprisings that began in December 2010 and lasted for several years, affecting many countries in the Middle East and North Africa. The movement was characterized by widespread demands for democratic reforms, human rights, and economic improvements.

**Early Stages (December 2010 - January 2011)**

The Arab Spring began in Tunisia, where a young street vendor, Mohamed Bouazizi, set himself on fire after being harassed by police. His death sparked protests and demonstrations across the country, leading to the overthrow of President Zine El Abidine Ben Ali on January 14, 2011.

**Expansion and Spillover (January 2011 - March 2011)**

As news of the Tunisian revolution spread, protests erupted in other countries, including Egypt, where the government responded with violence. The Egyptian uprising ultimately led to the resignation of President Hosni Mubarak on February 11, 2011. The movement then spread to Libya, where a civil war broke out, and to Bahrain, where the government cracked down on protesters.

**Regional and Global Repercussions (March 2011 - 2012)**

The Arab Spring had significant regional and global repercussions. The fall of authoritarian leaders led to a power vacuum, which was exploited by extremist groups, such as the Muslim Brotherhood in Egypt and Al-Qaeda affiliates in Libya. The international community became increasingly involved, with the United States and European Union calling for democratic reforms and human rights protections.

**Long-term Consequences (2012 - Present)**

The Arab Spring had long-term consequences, including:

1. **Political Transformation**: New governments were established in Tunisia, Egypt, and Libya, although their effectiveness has been questioned.
2. **Regional Instability**: The power vacuum created by the uprisings led to increased regional instability, including the rise of extremist groups and ongoing conflicts.
3. **Humanitarian Crisis**: The Arab Spring led to a humanitarian crisis, with millions displaced, injured, or killed.
4. **Economic Impact**: The protests and uprisings had a significant economic impact, with many countries experiencing economic downturns and increased debt.

In conclusion, the Arab Spring was a complex and multifaceted movement that unfolded over several years, affecting multiple countries in the Middle East and North Africa. While the movement achieved some democratic reforms, its long-term consequences have been significant, with ongoing regional instability, humanitarian crises, and economic impacts.","The Arab Spring, a series of anti-government protests, uprisings, and armed rebellions that swept through several North African and Western Asian countries, began in late 2010 and lasted until 2012. The movement was primarily driven by youth, urban, and educated populations, who were frustrated by high unemployment rates, government corruption, and political repression.

The Arab Spring initially started in Tunisia, where on December 17, 2010, a street vendor named Mohamed Bouazizi set himself on fire in protest against the confiscation of his goods and the harsh treatment he received from a municipal inspector. His death sparked widespread protests and unrest that led to the overthrow of President Zine El Abidine Ben Ali on January 14, 2011.

The events in Tunisia inspired similar protests in other countries, such as Egypt, Libya, Syria, Yemen, and Bahrain. In Egypt, on January 25, 2011, thousands of protesters gathered in Cairo's Tahrir Square, demanding the resignation of President Hosni Mubarak. After 18 days of protests, Mubarak stepped down on February 11, 2011.

In Libya, the uprising against Muammar Gaddafi led to a civil war, and the country was eventually divided into two: the Government of National Accord (GNA) in Tripoli and the Libyan National Army (LNA) in the east, led by Khalifa Haftar. The conflict continues to this day.

In Syria, the Arab Spring protests were met with brutal force by the government of President Bashar al-Assad, leading to a full-blown civil war that has resulted in hundreds of thousands of deaths and millions of refugees.

The Arab Spring demonstrated the power of social media in organizing and amplifying protests, as well as the fragility of authoritarian regimes. However, the aftermath of the Arab Spring has also shown the challenges of transitioning to democracy, with many countries experiencing political instability, violence, and economic difficulties.

In conclusion, the Arab Spring was a significant political movement that swept through several Middle Eastern and North African countries, leading to the overthrow of several long-standing authoritarian leaders and the start of a process of political change. The events of the Arab Spring have had lasting implications for the region, with some countries experiencing continued instability and others making strides towards democracy.",,,,,
Q028,Explain the technical mechanics of 分布式 Consistency (CAP theorem and PACELC theorem) in detail.,"I'd be happy to explain the technical mechanics of 分布式 Consistency (CAP theorem and PACELC theorem) in detail.

**CAP Theorem:**

The CAP theorem, introduced by Eric Brewer in 2000, is a fundamental concept in distributed systems. It states that it is impossible for a distributed system to simultaneously provide all three of the following guarantees:

1. **Consistency**: Every read operation will see the most recent write or an error.
2. **Availability**: Every request receives a response, without guaranteeing that it contains the most recent version of the information.
3. **Partition Tolerance**: The system continues to function and make progress even in the presence of partitions or network failures.

In other words, a distributed system can only guarantee two out of these three properties at any given time. For example, a system that prioritizes consistency and availability may sacrifice partition tolerance, causing the system to become unavailable during network partitions.

**PACELC Theorem:**

The PACELC theorem, introduced by Seth Gilbert and Nancy Lynch in 2002, is an extension of the CAP theorem. It provides a more nuanced view of the trade-offs involved in distributed systems. The PACELC theorem states that a distributed system can guarantee one of two properties:

1. **P** (Partition Tolerance): The system continues to function and make progress even in the presence of partitions or network failures.
2. **A** (Availability): The system ensures that every request receives a response, without guaranteeing that it contains the most recent version of the information.

The PACELC theorem also introduces two new properties:

1. **C** (Consistency): Every read operation will see the most recent write or an error.
2. **E** (Eventual Consistency): The system eventually reaches a consistent state, even in the presence of partitions or network failures.

The PACELC theorem provides a more comprehensive framework for understanding the trade-offs involved in distributed systems, allowing developers to make informed decisions about the design of their systems.

**Key Takeaways:**

1. The CAP theorem highlights the fundamental trade-offs involved in distributed systems, emphasizing the need to prioritize one or two properties over the others.
2. The PACELC theorem provides a more nuanced view of these trade-offs, introducing the concepts of Partition Tolerance and Eventual Consistency.
3. Understanding the CAP and PACELC theorems is essential for designing and implementing distributed systems that are reliable, scalable, and efficient.

By grasping the technical mechanics of 分布式 Consistency, developers can make informed decisions about the design of their systems, ensuring that they meet the specific requirements of their applications.","The CAP (Circular Availability, Partition Tolerance, Consistency) theorem, proposed by Eric Brewer in 2000, states that it's impossible for a distributed system to simultaneously provide all three guarantees under certain conditions, namely:

1. Consistency: All nodes see the same data at the same time (strong consistency).
2. Availability: Every request receives a response allowing for possible inconsistent data (available but inconsistent).
3. Partition Tolerance: The system continues to function despite arbitrary network failures (partitioning of the network).

In practice, most distributed systems choose to prioritize two of the three guarantees, as achieving all three consistently is challenging. For example, a database system might prioritize consistency and partition tolerance, ensuring that data remains consistent across nodes but may experience temporary periods of unavailability during network partitions.

The PACELC (Partion-aware Availability, Consistency, Latency, and Correctness) theorem, introduced by Gilbert and Lynch in 1996, is an extension of the CAP theorem that focuses on the behavior of a distributed system in the presence of network partitions. It introduces the concepts of:

1. P (Partition tolerance): The ability to continue functioning during network partitions.
2. A (Availability): The guarantee that every non-failed request receives a response.
3. C (Consistency): The guarantee that every response is correct with respect to the system's state.
4. L (Latency): The time it takes for a request to be processed and a response returned.
5. C' (Correctness): The guarantee that every response is correct with respect to the system's global state, assuming the absence of network partitions.

The PACELC theorem helps system designers to better understand the trade-offs between these five properties when designing distributed systems, allowing them to optimize for specific use cases and prioritize the properties that are most important for their application.

For example, in a real-time gaming application, low latency and availability might be more important than strong consistency, as a brief delay or inconsistency in game state might be acceptable to maintain a smooth and responsive user experience. On the other hand, in a financial transaction system, strong consistency and correctness are essential to prevent errors and fraud.

In summary, the CAP and PACELC theorems provide valuable insights into the design and behavior of distributed systems, helping to guide the choices made by system designers in optimizing for availability, consistency, latency, and correctness in the presence of network partitions.",,,,,
Q029,What is Lyapunov exponent?,"The Lyapunov exponent is a fundamental concept in chaos theory and dynamics, used to quantify the rate of separation of two initially close trajectories in a complex system. Introduced by Russian mathematician Aleksandr Mikhailovich Lyapunov in the early 20th century, it has since become a crucial tool for understanding and analyzing chaotic behavior in various fields, including physics, biology, and finance.

A Lyapunov exponent is a measure of the average rate of divergence or convergence of two nearby trajectories in a dynamical system. It is defined as the average exponential rate of growth or decay of the distance between two initially close states, as they evolve over time. In other words, it measures how fast two nearby trajectories diverge or converge, which is critical in understanding the behavior of complex systems.

The Lyapunov exponent is typically denoted by λ (lambda) and is measured in units of time, such as per unit time or per iteration. A positive Lyapunov exponent indicates that the two trajectories will diverge exponentially, while a negative exponent indicates convergence. A zero exponent corresponds to a stable equilibrium, where the two trajectories remain constant.

To illustrate this concept, consider a simple example: a logistic map, which is a mathematical function that models population growth. When the parameters of the logistic map are chosen correctly, the Lyapunov exponent can be used to predict the long-term behavior of the population. A positive Lyapunov exponent would indicate that the population will grow exponentially, while a negative exponent would indicate a decline.

In addition to its applications in chaos theory, the Lyapunov exponent has been used in various fields, such as:

1. Physics: To study the behavior of complex systems, such as weather patterns, ocean currents, and quantum systems.
2. Biology: To analyze the dynamics of biological systems, such as population growth, epidemiology, and ecology.
3. Finance: To model and analyze financial markets, including the behavior of stock prices, exchange rates, and interest rates.
4. Engineering: To design and optimize complex systems, such as control systems, communication networks, and signal processing systems.

In conclusion, the Lyapunov exponent is a powerful tool for understanding and analyzing complex systems. It provides a quantitative measure of the rate of separation or convergence of two nearby trajectories, which is essential in understanding the behavior of chaotic systems.","The Lyapunov exponent is a quantitative measure of the rate of divergence of solutions to a dynamical system with time. It provides insights into the system's stability and chaos. In other words, it helps determine how sensitive the system's future behavior is to small changes in its initial conditions.

For example, consider a simple system like the logistic map, a discrete-time dynamical system, defined as:

x_(n+1) = r * x\_n * (1 - x\_n)

Where x\_n represents the state of the system at time step n, and r is a constant. The logistic map can exhibit different behaviors, from stable equilibrium points to chaotic dynamics, depending on the value of r.

The Lyapunov exponent can be calculated for this system to determine its stability. A positive Lyapunov exponent indicates that the system is chaotic, while a negative one indicates stability. For the logistic map, if r > 3, the Lyapunov exponent is positive, and the system exhibits chaotic behavior.

The Lyapunov exponent is essential in various fields, including physics, biology, economics, and engineering. For instance, in ecology, it can be used to study the dynamics of populations. In finance, it can help analyze the instability of financial markets. By understanding the Lyapunov exponent, we can better predict the long-term behavior of complex systems and make more informed decisions.

In summary, the Lyapunov exponent is a valuable tool for understanding and quantifying the sensitivity of a dynamical system to initial conditions. Its applications extend across various fields, providing insights into the stability and chaos of complex systems.",,,,,
Q030,How do greenhouse gases trap heat?,"The trapping of heat by greenhouse gases is a crucial aspect of the Earth's climate system. Greenhouse gases, such as carbon dioxide (CO2), methane (CH4), and water vapor (H2O), play a vital role in regulating the Earth's temperature. Here's a step-by-step explanation of how they trap heat:

1. **Solar Radiation**: The Earth receives solar radiation from the sun, which is primarily in the form of visible light and ultraviolet (UV) radiation.
2. **Absorption**: The greenhouse gases in the atmosphere, such as CO2 and CH4, absorb this solar radiation and convert it into heat energy. This process occurs when the gas molecules vibrate or rotate, releasing the absorbed energy as heat.
3. **Infrared Radiation**: As the Earth's surface warms up, it emits infrared (IR) radiation, which is a type of electromagnetic radiation with longer wavelengths than visible light. IR radiation is emitted by the Earth's surface, oceans, and atmosphere.
4. **Absorption by Greenhouse Gases**: The greenhouse gases in the atmosphere, such as CO2 and CH4, absorb this IR radiation emitted by the Earth's surface. This absorption occurs when the gas molecules vibrate or rotate, releasing the absorbed energy as heat.
5. **Trapping Heat**: As the IR radiation is absorbed by the greenhouse gases, the energy is transferred to the surrounding air molecules, warming them up. This process traps the heat near the Earth's surface, preventing it from being lost into space.
6. **Re-emission**: The warmed air molecules re-emit the absorbed IR radiation in all directions, including back towards the Earth's surface. This re-emitted radiation is again absorbed by the greenhouse gases, perpetuating the process of heat trapping.

In summary, greenhouse gases trap heat by absorbing solar radiation and converting it into heat energy. They then absorb IR radiation emitted by the Earth's surface, transferring the energy to surrounding air molecules, which re-emits the radiation, trapping the heat near the surface. This natural process maintains the Earth's average temperature, making life on our planet possible.","Greenhouse gases trap heat in a process known as the greenhouse effect. This effect is a natural phenomenon that warms the Earth's surface, similar to how a greenhouse warms up by trapping heat from the sun. However, human activities have significantly increased the concentration of greenhouse gases in the Earth's atmosphere, leading to an enhanced greenhouse effect, or global warming.

Greenhouse gases, such as carbon dioxide (CO2), methane (CH4), and water vapor (H2O), allow sunlight to pass through the Earth's atmosphere and warm the surface. Once the Earth emits infrared radiation (heat) back into space, these gases absorb and re-emit this heat in all directions, including back towards the Earth's surface. This process prevents the heat from escaping into space, causing the Earth's temperature to rise.

For example, if we consider carbon dioxide, it absorbs infrared radiation at wavelengths of 4.26 micrometers and 15 micrometers. By absorbing and re-emitting this heat, CO2 keeps the Earth warmer than it would be without the greenhouse effect.

It's essential to understand the role of greenhouse gases in trapping heat because they contribute significantly to global warming, which has severe consequences for the planet and its ecosystems. For instance, rising temperatures can lead to melting ice caps, sea-level rise, more frequent extreme weather events, and changes in ecosystems that can affect biodiversity.

To combat this issue, efforts to reduce greenhouse gas emissions and promote the use of renewable energy sources are crucial for preserving a healthy and sustainable planet.",,,,,
